order_id,supplier_id,product_id,order_date,delivery_date,lead_time,quantity,unit_cost,warehouse_id,order_status
ORD_000001,SUPP_013,PROD_049,2022-08-04,2022-08-06,2,266,483.08,WH_04,Cancelled
ORD_000002,SUPP_010,PROD_031,2022-07-03,2022-07-22,19,914,454.98,WH_05,Shipped
ORD_000003,SUPP_010,PROD_009,2022-02-18,2022-03-10,20,819,132.75,WH_05,Shipped
ORD_000004,SUPP_010,PROD_007,2022-02-07,2022-03-08,29,871,345.15,WH_04,Pending
ORD_000005,SUPP_012,PROD_028,2022-06-11,2022-07-01,20,656,457.38,WH_05,Cancelled
ORD_000006,SUPP_015,PROD_034,2022-05-14,2022-05-16,2,825,460.05,WH_01,Pending
ORD_000007,SUPP_013,PROD_046,2022-12-09,2022-12-30,21,2,309.83,WH_03,Shipped
ORD_000008,SUPP_011,PROD_046,2022-02-02,2022-02-09,7,940,288.08,WH_02,Shipped
ORD_000009,SUPP_018,PROD_029,2022-02-16,2022-02-19,3,328,438.79,WH_04,Pending
ORD_000010,SUPP_010,PROD_036,2022-05-30,2022-06-22,23,128,278.25,WH_05,Shipped
ORD_000011,SUPP_020,PROD_036,2022-10-28,2022-11-07,10,456,54.9,WH_04,Delivered
ORD_000012,SUPP_019,PROD_016,2022-05-29,2022-06-04,6,194,412.52,WH_01,Delivered
ORD_000013,SUPP_016,PROD_005,2022-02-15,2022-03-09,22,776,73.81,WH_02,Pending
ORD_000014,SUPP_003,PROD_045,2022-10-04,2022-10-26,22,401,420.55,WH_05,Delivered
ORD_000015,SUPP_017,PROD_016,2022-04-21,2022-05-20,29,696,299.0,WH_04,Delivered
ORD_000016,SUPP_015,PROD_032,2022-12-05,2022-12-26,21,718,459.3,WH_03,Pending
ORD_000017,SUPP_011,PROD_040,2022-03-01,2022-03-17,16,602,318.77,WH_02,Shipped
ORD_000018,SUPP_001,PROD_047,2022-05-19,2022-05-23,4,723,118.03,WH_02,Delivered
ORD_000019,SUPP_014,PROD_004,2022-02-21,2022-03-19,26,150,429.11,WH_02,Pending
ORD_000020,SUPP_019,PROD_041,2022-10-01,2022-10-21,20,697,46.26,WH_01,Shipped
ORD_000021,SUPP_020,PROD_037,2022-03-03,2022-03-16,13,94,191.37,WH_01,Pending
ORD_000022,SUPP_020,PROD_002,2022-04-10,2022-04-16,6,736,70.71,WH_02,Pending
ORD_000023,SUPP_001,PROD_035,2022-08-06,2022-08-26,20,104,419.59,WH_01,Shipped
ORD_000024,SUPP_003,PROD_042,2022-06-04,2022-06-16,12,447,98.36,WH_05,Cancelled
ORD_000025,SUPP_002,PROD_039,2022-02-21,2022-03-16,23,401,107.68,WH_03,Cancelled
ORD_000026,SUPP_019,PROD_011,2022-12-24,2023-01-15,22,209,483.61,WH_01,Shipped
ORD_000027,SUPP_006,PROD_022,2022-09-29,2022-10-08,9,121,302.43,WH_04,Shipped
ORD_000028,SUPP_001,PROD_031,2022-12-15,2022-12-29,14,922,288.87,WH_05,Delivered
ORD_000029,SUPP_012,PROD_025,2022-12-03,2022-12-12,9,158,284.69,WH_01,Cancelled
ORD_000030,SUPP_003,PROD_022,2022-01-24,2022-02-11,18,288,76.07,WH_04,Delivered
ORD_000031,SUPP_020,PROD_019,2022-12-11,2022-12-23,12,605,473.98,WH_05,Shipped
ORD_000032,SUPP_010,PROD_025,2022-08-01,2022-08-28,27,667,49.55,WH_05,Shipped
ORD_000033,SUPP_011,PROD_011,2022-05-03,2022-05-11,8,653,229.59,WH_05,Cancelled
ORD_000034,SUPP_002,PROD_026,2022-12-26,2023-01-14,19,429,388.37,WH_01,Shipped
ORD_000035,SUPP_015,PROD_005,2022-05-13,2022-06-05,23,162,228.72,WH_04,Pending
ORD_000036,SUPP_002,PROD_032,2022-06-16,2022-06-26,10,858,238.78,WH_04,Shipped
ORD_000037,SUPP_018,PROD_041,2022-02-12,2022-03-11,27,743,73.96,WH_01,Cancelled
ORD_000038,SUPP_014,PROD_021,2022-01-02,2022-01-09,7,15,361.49,WH_01,Pending
ORD_000039,SUPP_007,PROD_008,2022-11-08,2022-11-29,21,204,438.09,WH_03,Shipped
ORD_000040,SUPP_004,PROD_031,2022-07-23,2022-08-13,21,84,20.7,WH_04,Pending
ORD_000041,SUPP_009,PROD_009,2022-12-01,2022-12-18,17,837,328.88,WH_03,Pending
ORD_000042,SUPP_005,PROD_018,2022-01-10,2022-01-12,2,42,110.81,WH_03,Delivered
ORD_000043,SUPP_012,PROD_037,2022-01-22,2022-02-19,28,768,480.99,WH_05,Cancelled
ORD_000044,SUPP_015,PROD_041,2022-08-11,2022-08-23,12,893,273.59,WH_02,Cancelled
ORD_000045,SUPP_019,PROD_019,2022-01-05,2022-01-10,5,155,142.97,WH_03,Delivered
ORD_000046,SUPP_003,PROD_022,2022-11-14,2022-11-16,2,43,142.11,WH_02,Delivered
ORD_000047,SUPP_012,PROD_026,2022-10-08,2022-10-13,5,301,66.3,WH_02,Pending
ORD_000048,SUPP_010,PROD_012,2022-09-25,2022-10-19,24,73,158.31,WH_03,Delivered
ORD_000049,SUPP_014,PROD_007,2022-02-20,2022-03-10,18,931,245.77,WH_03,Delivered
ORD_000050,SUPP_004,PROD_031,2022-03-01,2022-03-24,23,510,219.0,WH_03,Delivered
ORD_000051,SUPP_005,PROD_011,2022-11-17,2022-12-06,19,385,405.0,WH_01,Pending
ORD_000052,SUPP_003,PROD_013,2022-04-24,2022-04-26,2,395,13.85,WH_04,Delivered
ORD_000053,SUPP_015,PROD_032,2022-10-27,2022-11-19,23,696,116.45,WH_01,Delivered
ORD_000054,SUPP_008,PROD_017,2022-10-27,2022-11-21,25,171,221.3,WH_03,Pending
ORD_000055,SUPP_003,PROD_045,2022-01-15,2022-02-13,29,539,231.29,WH_02,Pending
ORD_000056,SUPP_016,PROD_026,2022-05-12,2022-05-19,7,657,30.63,WH_02,Shipped
ORD_000057,SUPP_004,PROD_013,2022-08-23,2022-09-05,13,371,277.73,WH_02,Pending
ORD_000058,SUPP_020,PROD_032,2022-03-17,2022-04-05,19,416,322.8,WH_04,Cancelled
ORD_000059,SUPP_011,PROD_032,2022-09-13,2022-10-04,21,687,438.6,WH_05,Shipped
ORD_000060,SUPP_001,PROD_022,2022-12-28,2023-01-21,24,921,165.95,WH_03,Pending
ORD_000061,SUPP_017,PROD_010,2022-05-12,2022-06-01,20,803,86.39,WH_04,Delivered
ORD_000062,SUPP_016,PROD_005,2022-02-13,2022-03-02,17,890,458.6,WH_01,Shipped
ORD_000063,SUPP_005,PROD_003,2022-06-03,2022-06-04,1,778,423.54,WH_03,Shipped
ORD_000064,SUPP_005,PROD_042,2022-08-24,2022-09-05,12,518,197.29,WH_05,Pending
ORD_000065,SUPP_019,PROD_006,2022-12-14,2023-01-09,26,825,263.82,WH_05,Pending
ORD_000066,SUPP_014,PROD_049,2022-04-16,2022-04-26,10,549,451.56,WH_04,Cancelled
ORD_000067,SUPP_013,PROD_039,2022-10-28,2022-11-05,8,872,433.74,WH_01,Pending
ORD_000068,SUPP_006,PROD_020,2022-09-17,2022-10-06,19,261,173.02,WH_04,Delivered
ORD_000069,SUPP_010,PROD_050,2022-07-28,2022-08-10,13,830,198.0,WH_02,Shipped
ORD_000070,SUPP_008,PROD_019,2022-06-21,2022-06-23,2,965,27.61,WH_04,Shipped
ORD_000071,SUPP_016,PROD_039,2022-02-11,2022-03-05,22,716,84.17,WH_03,Cancelled
ORD_000072,SUPP_002,PROD_040,2022-08-27,2022-09-09,13,470,33.05,WH_04,Shipped
ORD_000073,SUPP_001,PROD_003,2022-11-03,2022-11-23,20,136,318.68,WH_01,Delivered
ORD_000074,SUPP_007,PROD_025,2022-09-09,2022-09-13,4,903,39.48,WH_04,Delivered
ORD_000075,SUPP_004,PROD_044,2023-01-01,2023-01-21,20,304,396.4,WH_02,Cancelled
ORD_000076,SUPP_010,PROD_048,2022-12-15,2023-01-10,26,125,264.31,WH_02,Pending
ORD_000077,SUPP_013,PROD_029,2022-07-10,2022-08-04,25,196,233.18,WH_01,Pending
ORD_000078,SUPP_002,PROD_032,2022-05-11,2022-06-09,29,28,472.94,WH_05,Shipped
ORD_000079,SUPP_008,PROD_006,2022-11-18,2022-12-13,25,515,352.27,WH_04,Delivered
ORD_000080,SUPP_004,PROD_010,2022-08-07,2022-09-05,29,580,216.81,WH_01,Pending
ORD_000081,SUPP_014,PROD_005,2022-02-20,2022-03-06,14,793,86.52,WH_01,Cancelled
ORD_000082,SUPP_014,PROD_044,2022-08-02,2022-08-03,1,509,460.45,WH_03,Delivered
ORD_000083,SUPP_003,PROD_023,2022-02-06,2022-02-10,4,368,348.97,WH_03,Delivered
ORD_000084,SUPP_006,PROD_001,2022-04-29,2022-05-26,27,375,44.55,WH_02,Shipped
ORD_000085,SUPP_001,PROD_014,2022-12-04,2022-12-26,22,750,469.75,WH_01,Pending
ORD_000086,SUPP_010,PROD_024,2022-12-20,2022-12-21,1,956,306.38,WH_02,Shipped
ORD_000087,SUPP_015,PROD_008,2022-09-02,2022-09-14,12,725,479.99,WH_02,Pending
ORD_000088,SUPP_007,PROD_024,2022-06-21,2022-07-07,16,984,153.39,WH_05,Delivered
ORD_000089,SUPP_006,PROD_038,2022-02-11,2022-02-15,4,547,294.62,WH_02,Cancelled
ORD_000090,SUPP_005,PROD_009,2022-04-25,2022-05-06,11,521,128.99,WH_02,Delivered
ORD_000091,SUPP_012,PROD_027,2022-12-06,2022-12-08,2,882,74.79,WH_01,Cancelled
ORD_000092,SUPP_003,PROD_045,2022-02-07,2022-02-12,5,431,156.7,WH_04,Shipped
ORD_000093,SUPP_019,PROD_028,2022-06-02,2022-06-23,21,364,51.43,WH_04,Delivered
ORD_000094,SUPP_017,PROD_004,2022-07-12,2022-07-26,14,9,214.44,WH_03,Cancelled
ORD_000095,SUPP_007,PROD_024,2022-05-31,2022-06-16,16,94,475.63,WH_01,Delivered
ORD_000096,SUPP_004,PROD_036,2022-11-07,2022-11-30,23,158,399.87,WH_04,Cancelled
ORD_000097,SUPP_006,PROD_050,2022-08-04,2022-08-18,14,179,131.5,WH_04,Delivered
ORD_000098,SUPP_017,PROD_010,2022-07-01,2022-07-16,15,647,322.28,WH_04,Shipped
ORD_000099,SUPP_010,PROD_001,2022-12-24,2023-01-08,15,634,236.39,WH_02,Delivered
ORD_000100,SUPP_004,PROD_050,2022-11-19,2022-11-29,10,559,308.49,WH_04,Cancelled
ORD_000101,SUPP_003,PROD_044,2022-09-12,2022-10-07,25,984,123.86,WH_04,Delivered
ORD_000102,SUPP_001,PROD_008,2022-05-19,2022-06-17,29,685,29.87,WH_03,Cancelled
ORD_000103,SUPP_017,PROD_038,2022-12-30,2023-01-12,13,456,60.0,WH_03,Delivered
ORD_000104,SUPP_010,PROD_049,2022-12-11,2023-01-10,30,201,301.75,WH_01,Pending
ORD_000105,SUPP_009,PROD_020,2022-10-01,2022-10-12,11,122,269.79,WH_02,Shipped
ORD_000106,SUPP_003,PROD_027,2022-05-29,2022-06-08,10,533,75.87,WH_05,Shipped
ORD_000107,SUPP_018,PROD_007,2022-07-30,2022-08-20,21,557,207.67,WH_03,Delivered
ORD_000108,SUPP_015,PROD_024,2022-10-18,2022-11-08,21,142,86.96,WH_01,Cancelled
ORD_000109,SUPP_013,PROD_038,2022-08-28,2022-09-02,5,574,337.45,WH_03,Cancelled
ORD_000110,SUPP_014,PROD_014,2022-09-02,2022-09-18,16,712,255.77,WH_04,Pending
ORD_000111,SUPP_015,PROD_020,2022-03-15,2022-04-08,24,508,35.68,WH_05,Shipped
ORD_000112,SUPP_001,PROD_023,2022-08-30,2022-09-12,13,910,496.51,WH_05,Pending
ORD_000113,SUPP_003,PROD_044,2022-12-09,2022-12-22,13,7,187.03,WH_01,Pending
ORD_000114,SUPP_009,PROD_041,2022-12-25,2023-01-04,10,745,451.36,WH_02,Delivered
ORD_000115,SUPP_007,PROD_007,2022-08-11,2022-08-26,15,734,171.8,WH_02,Delivered
ORD_000116,SUPP_014,PROD_042,2022-12-18,2023-01-01,14,152,229.17,WH_02,Delivered
ORD_000117,SUPP_005,PROD_014,2022-04-06,2022-04-21,15,358,396.78,WH_04,Cancelled
ORD_000118,SUPP_016,PROD_025,2022-04-23,2022-05-19,26,201,225.24,WH_02,Pending
ORD_000119,SUPP_013,PROD_003,2022-04-30,2022-05-21,21,87,436.79,WH_03,Pending
ORD_000120,SUPP_006,PROD_015,2022-11-09,2022-11-19,10,628,52.45,WH_05,Delivered
ORD_000121,SUPP_012,PROD_027,2022-08-23,2022-08-25,2,648,351.43,WH_05,Cancelled
ORD_000122,SUPP_019,PROD_030,2022-09-08,2022-09-17,9,722,243.07,WH_03,Delivered
ORD_000123,SUPP_002,PROD_003,2022-01-27,2022-02-02,6,359,11.9,WH_01,Shipped
ORD_000124,SUPP_003,PROD_028,2022-12-15,2022-12-23,8,994,308.23,WH_05,Shipped
ORD_000125,SUPP_015,PROD_013,2022-06-23,2022-07-13,20,105,307.11,WH_01,Delivered
ORD_000126,SUPP_011,PROD_035,2022-08-22,2022-09-20,29,333,135.19,WH_05,Pending
ORD_000127,SUPP_007,PROD_024,2022-02-11,2022-02-18,7,891,267.01,WH_02,Shipped
ORD_000128,SUPP_009,PROD_044,2022-06-04,2022-06-14,10,530,431.4,WH_03,Cancelled
ORD_000129,SUPP_012,PROD_046,2022-05-03,2022-05-05,2,314,467.75,WH_01,Pending
ORD_000130,SUPP_015,PROD_032,2022-08-13,2022-08-15,2,940,406.41,WH_04,Cancelled
ORD_000131,SUPP_015,PROD_008,2022-02-13,2022-02-16,3,247,58.38,WH_02,Cancelled
ORD_000132,SUPP_007,PROD_029,2022-11-10,2022-11-13,3,838,219.2,WH_04,Pending
ORD_000133,SUPP_006,PROD_016,2022-09-08,2022-09-16,8,132,421.82,WH_03,Delivered
ORD_000134,SUPP_011,PROD_028,2022-02-24,2022-03-14,18,922,149.9,WH_05,Shipped
ORD_000135,SUPP_010,PROD_050,2022-08-15,2022-09-01,17,620,236.42,WH_03,Delivered
ORD_000136,SUPP_008,PROD_002,2022-03-02,2022-03-22,20,803,358.83,WH_02,Cancelled
ORD_000137,SUPP_008,PROD_014,2022-05-26,2022-06-24,29,754,498.6,WH_01,Cancelled
ORD_000138,SUPP_002,PROD_008,2022-07-16,2022-08-06,21,280,67.94,WH_05,Delivered
ORD_000139,SUPP_008,PROD_044,2022-12-27,2023-01-14,18,677,148.26,WH_02,Pending
ORD_000140,SUPP_017,PROD_020,2022-12-12,2022-12-23,11,240,192.87,WH_04,Delivered
ORD_000141,SUPP_019,PROD_011,2022-03-12,2022-04-07,26,16,281.03,WH_03,Delivered
ORD_000142,SUPP_019,PROD_041,2022-01-13,2022-02-08,26,133,439.65,WH_02,Shipped
ORD_000143,SUPP_017,PROD_005,2022-03-11,2022-04-05,25,212,392.91,WH_04,Shipped
ORD_000144,SUPP_008,PROD_047,2022-03-09,2022-04-05,27,240,382.38,WH_03,Shipped
ORD_000145,SUPP_016,PROD_007,2022-11-12,2022-12-09,27,27,267.95,WH_03,Cancelled
ORD_000146,SUPP_015,PROD_020,2022-01-07,2022-01-15,8,569,329.85,WH_04,Cancelled
ORD_000147,SUPP_018,PROD_021,2022-12-27,2023-01-24,28,81,136.99,WH_05,Cancelled
ORD_000148,SUPP_007,PROD_021,2022-05-30,2022-06-12,13,967,39.0,WH_01,Delivered
ORD_000149,SUPP_008,PROD_022,2022-08-14,2022-09-05,22,744,333.29,WH_02,Delivered
ORD_000150,SUPP_012,PROD_043,2022-03-25,2022-04-04,10,18,184.62,WH_05,Pending
ORD_000151,SUPP_005,PROD_023,2022-01-12,2022-01-28,16,643,40.05,WH_02,Pending
ORD_000152,SUPP_001,PROD_015,2022-12-01,2022-12-12,11,69,412.27,WH_03,Cancelled
ORD_000153,SUPP_005,PROD_014,2022-08-18,2022-09-01,14,146,185.44,WH_02,Delivered
ORD_000154,SUPP_014,PROD_025,2022-01-05,2022-01-19,14,913,139.23,WH_05,Cancelled
ORD_000155,SUPP_002,PROD_037,2022-03-04,2022-03-18,14,977,201.25,WH_01,Shipped
ORD_000156,SUPP_020,PROD_043,2022-09-21,2022-10-18,27,751,352.8,WH_01,Delivered
ORD_000157,SUPP_008,PROD_012,2022-05-07,2022-05-08,1,980,405.17,WH_02,Shipped
ORD_000158,SUPP_003,PROD_028,2022-11-03,2022-11-07,4,636,317.98,WH_02,Pending
ORD_000159,SUPP_009,PROD_022,2022-07-12,2022-07-13,1,641,466.89,WH_01,Cancelled
ORD_000160,SUPP_003,PROD_023,2022-05-30,2022-06-21,22,155,234.48,WH_05,Delivered
ORD_000161,SUPP_006,PROD_048,2022-07-27,2022-08-07,11,277,403.63,WH_04,Pending
ORD_000162,SUPP_010,PROD_034,2022-05-28,2022-06-15,18,481,488.89,WH_05,Delivered
ORD_000163,SUPP_002,PROD_030,2022-07-22,2022-08-15,24,123,207.85,WH_04,Pending
ORD_000164,SUPP_001,PROD_018,2022-01-18,2022-01-27,9,698,343.39,WH_03,Shipped
ORD_000165,SUPP_017,PROD_034,2022-06-24,2022-07-07,13,855,486.21,WH_02,Pending
ORD_000166,SUPP_019,PROD_022,2022-05-05,2022-05-24,19,691,362.84,WH_03,Shipped
ORD_000167,SUPP_005,PROD_022,2022-01-05,2022-01-24,19,836,35.11,WH_02,Delivered
ORD_000168,SUPP_012,PROD_019,2022-11-17,2022-11-27,10,331,252.48,WH_04,Cancelled
ORD_000169,SUPP_006,PROD_001,2022-03-14,2022-04-02,19,45,226.53,WH_03,Pending
ORD_000170,SUPP_016,PROD_043,2022-12-06,2022-12-31,25,264,376.17,WH_02,Pending
ORD_000171,SUPP_018,PROD_028,2022-05-23,2022-06-19,27,179,269.47,WH_01,Shipped
ORD_000172,SUPP_019,PROD_008,2022-09-16,2022-10-07,21,816,276.28,WH_04,Cancelled
ORD_000173,SUPP_009,PROD_020,2022-05-26,2022-05-27,1,439,391.48,WH_03,Delivered
ORD_000174,SUPP_018,PROD_034,2022-10-11,2022-10-22,11,351,103.09,WH_04,Shipped
ORD_000175,SUPP_001,PROD_049,2022-09-19,2022-09-24,5,804,333.95,WH_05,Cancelled
ORD_000176,SUPP_012,PROD_030,2022-01-19,2022-02-06,18,935,211.7,WH_05,Shipped
ORD_000177,SUPP_001,PROD_024,2022-09-28,2022-10-04,6,697,105.31,WH_03,Cancelled
ORD_000178,SUPP_001,PROD_047,2022-05-08,2022-05-27,19,914,128.62,WH_02,Cancelled
ORD_000179,SUPP_003,PROD_037,2022-08-18,2022-08-26,8,762,359.77,WH_05,Pending
ORD_000180,SUPP_007,PROD_011,2022-08-14,2022-09-13,30,67,464.71,WH_04,Delivered
ORD_000181,SUPP_009,PROD_028,2022-07-02,2022-07-22,20,336,54.41,WH_01,Cancelled
ORD_000182,SUPP_001,PROD_049,2022-05-09,2022-05-16,7,781,204.97,WH_04,Cancelled
ORD_000183,SUPP_002,PROD_038,2022-08-27,2022-09-08,12,850,288.71,WH_05,Delivered
ORD_000184,SUPP_011,PROD_002,2022-07-23,2022-08-08,16,944,265.63,WH_01,Pending
ORD_000185,SUPP_019,PROD_023,2022-07-04,2022-07-05,1,72,103.48,WH_01,Cancelled
ORD_000186,SUPP_002,PROD_021,2022-01-13,2022-01-24,11,403,453.58,WH_03,Cancelled
ORD_000187,SUPP_005,PROD_039,2022-03-17,2022-03-30,13,888,159.99,WH_01,Shipped
ORD_000188,SUPP_005,PROD_009,2022-09-04,2022-09-27,23,658,360.97,WH_01,Pending
ORD_000189,SUPP_018,PROD_045,2022-12-24,2023-01-14,21,397,475.34,WH_03,Pending
ORD_000190,SUPP_003,PROD_036,2022-03-31,2022-04-27,27,272,108.79,WH_03,Delivered
ORD_000191,SUPP_009,PROD_017,2022-09-22,2022-10-22,30,468,499.29,WH_02,Cancelled
ORD_000192,SUPP_018,PROD_010,2022-01-20,2022-02-10,21,600,96.71,WH_05,Pending
ORD_000193,SUPP_011,PROD_005,2022-04-09,2022-04-30,21,811,233.71,WH_02,Cancelled
ORD_000194,SUPP_017,PROD_011,2022-12-30,2023-01-10,11,935,331.05,WH_04,Pending
ORD_000195,SUPP_018,PROD_006,2022-09-23,2022-10-04,11,3,408.35,WH_01,Pending
ORD_000196,SUPP_014,PROD_039,2022-06-30,2022-07-19,19,463,174.55,WH_04,Delivered
ORD_000197,SUPP_004,PROD_009,2022-06-12,2022-07-12,30,24,99.47,WH_02,Pending
ORD_000198,SUPP_011,PROD_039,2022-04-09,2022-04-11,2,424,326.24,WH_03,Cancelled
ORD_000199,SUPP_002,PROD_039,2022-12-31,2023-01-06,6,367,460.02,WH_01,Cancelled
ORD_000200,SUPP_002,PROD_029,2022-07-01,2022-07-21,20,924,313.87,WH_03,Delivered
ORD_000201,SUPP_019,PROD_030,2022-07-31,2022-08-06,6,32,232.33,WH_03,Shipped
ORD_000202,SUPP_013,PROD_005,2022-07-03,2022-07-07,4,127,22.83,WH_01,Shipped
ORD_000203,SUPP_013,PROD_040,2022-12-20,2023-01-10,21,919,16.69,WH_04,Cancelled
ORD_000204,SUPP_016,PROD_006,2022-01-27,2022-02-14,18,883,206.95,WH_03,Pending
ORD_000205,SUPP_017,PROD_007,2022-02-11,2022-02-22,11,368,478.02,WH_04,Pending
ORD_000206,SUPP_005,PROD_034,2022-11-17,2022-12-13,26,294,480.32,WH_01,Cancelled
ORD_000207,SUPP_011,PROD_011,2022-10-08,2022-10-31,23,151,88.67,WH_02,Shipped
ORD_000208,SUPP_020,PROD_022,2022-01-13,2022-01-29,16,982,445.07,WH_04,Pending
ORD_000209,SUPP_008,PROD_016,2022-11-22,2022-12-02,10,337,93.31,WH_02,Delivered
ORD_000210,SUPP_008,PROD_011,2022-08-04,2022-08-19,15,373,439.49,WH_02,Cancelled
ORD_000211,SUPP_019,PROD_050,2022-01-07,2022-01-13,6,953,295.99,WH_04,Shipped
ORD_000212,SUPP_005,PROD_002,2022-01-13,2022-02-09,27,332,259.94,WH_01,Pending
ORD_000213,SUPP_004,PROD_037,2022-11-10,2022-11-15,5,798,85.04,WH_04,Pending
ORD_000214,SUPP_014,PROD_028,2022-10-18,2022-11-17,30,703,173.13,WH_02,Shipped
ORD_000215,SUPP_012,PROD_033,2022-04-21,2022-05-09,18,410,45.79,WH_04,Delivered
ORD_000216,SUPP_004,PROD_028,2022-08-12,2022-08-20,8,483,197.06,WH_04,Shipped
ORD_000217,SUPP_016,PROD_026,2022-10-25,2022-10-28,3,856,133.66,WH_03,Delivered
ORD_000218,SUPP_018,PROD_002,2022-11-06,2022-11-26,20,799,242.53,WH_02,Delivered
ORD_000219,SUPP_002,PROD_040,2022-06-14,2022-07-12,28,818,201.48,WH_01,Pending
ORD_000220,SUPP_005,PROD_046,2022-07-20,2022-07-21,1,787,216.31,WH_04,Cancelled
ORD_000221,SUPP_004,PROD_046,2022-08-24,2022-09-13,20,474,89.08,WH_03,Cancelled
ORD_000222,SUPP_014,PROD_011,2022-10-30,2022-11-29,30,886,149.02,WH_05,Pending
ORD_000223,SUPP_012,PROD_023,2022-03-15,2022-04-05,21,367,385.4,WH_05,Pending
ORD_000224,SUPP_007,PROD_017,2022-04-01,2022-04-25,24,598,169.09,WH_04,Pending
ORD_000225,SUPP_010,PROD_036,2022-08-09,2022-08-11,2,699,211.17,WH_04,Shipped
ORD_000226,SUPP_012,PROD_009,2022-03-09,2022-03-13,4,628,184.91,WH_01,Cancelled
ORD_000227,SUPP_019,PROD_026,2022-08-26,2022-08-29,3,658,358.28,WH_01,Cancelled
ORD_000228,SUPP_018,PROD_047,2022-10-11,2022-10-16,5,174,84.95,WH_02,Shipped
ORD_000229,SUPP_001,PROD_034,2022-03-11,2022-04-07,27,505,184.92,WH_05,Delivered
ORD_000230,SUPP_011,PROD_044,2022-03-02,2022-03-28,26,986,457.92,WH_04,Delivered
ORD_000231,SUPP_006,PROD_022,2022-11-18,2022-12-05,17,992,172.58,WH_02,Cancelled
ORD_000232,SUPP_018,PROD_020,2022-05-01,2022-05-30,29,937,496.38,WH_03,Cancelled
ORD_000233,SUPP_016,PROD_033,2022-06-06,2022-06-20,14,417,408.34,WH_02,Shipped
ORD_000234,SUPP_001,PROD_038,2022-11-01,2022-11-22,21,722,490.7,WH_05,Pending
ORD_000235,SUPP_007,PROD_039,2022-11-26,2022-12-16,20,526,64.48,WH_05,Shipped
ORD_000236,SUPP_013,PROD_006,2022-01-19,2022-01-20,1,119,447.28,WH_04,Delivered
ORD_000237,SUPP_004,PROD_044,2022-08-20,2022-09-01,12,599,351.37,WH_04,Shipped
ORD_000238,SUPP_006,PROD_036,2022-10-10,2022-11-06,27,917,48.19,WH_05,Shipped
ORD_000239,SUPP_001,PROD_042,2022-03-27,2022-04-25,29,530,210.36,WH_02,Cancelled
ORD_000240,SUPP_013,PROD_017,2022-01-11,2022-01-30,19,138,460.63,WH_02,Cancelled
ORD_000241,SUPP_019,PROD_004,2022-07-12,2022-08-11,30,822,52.53,WH_05,Cancelled
ORD_000242,SUPP_011,PROD_015,2022-09-17,2022-10-15,28,467,29.16,WH_05,Pending
ORD_000243,SUPP_009,PROD_033,2022-09-09,2022-09-27,18,661,203.1,WH_03,Shipped
ORD_000244,SUPP_008,PROD_035,2022-07-06,2022-07-12,6,310,427.57,WH_02,Cancelled
ORD_000245,SUPP_003,PROD_005,2022-09-02,2022-09-15,13,580,476.99,WH_05,Pending
ORD_000246,SUPP_009,PROD_031,2022-04-28,2022-05-25,27,114,155.38,WH_03,Pending
ORD_000247,SUPP_005,PROD_043,2022-01-30,2022-02-26,27,682,77.04,WH_05,Shipped
ORD_000248,SUPP_001,PROD_003,2022-07-27,2022-08-14,18,717,380.12,WH_04,Pending
ORD_000249,SUPP_016,PROD_036,2022-06-27,2022-07-25,28,799,178.09,WH_01,Pending
ORD_000250,SUPP_008,PROD_015,2022-09-12,2022-10-09,27,319,144.48,WH_01,Cancelled
ORD_000251,SUPP_012,PROD_033,2022-06-24,2022-06-27,3,80,159.34,WH_04,Shipped
ORD_000252,SUPP_012,PROD_025,2022-03-16,2022-03-24,8,295,468.59,WH_04,Delivered
ORD_000253,SUPP_010,PROD_025,2022-11-10,2022-11-15,5,852,391.49,WH_04,Delivered
ORD_000254,SUPP_017,PROD_031,2022-04-28,2022-05-19,21,727,193.23,WH_03,Cancelled
ORD_000255,SUPP_009,PROD_023,2022-07-25,2022-08-19,25,785,360.04,WH_03,Pending
ORD_000256,SUPP_016,PROD_019,2022-03-03,2022-03-18,15,158,178.57,WH_02,Shipped
ORD_000257,SUPP_011,PROD_032,2022-04-28,2022-05-02,4,698,198.11,WH_04,Cancelled
ORD_000258,SUPP_017,PROD_030,2022-10-17,2022-11-13,27,633,118.12,WH_04,Delivered
ORD_000259,SUPP_016,PROD_015,2022-06-11,2022-06-28,17,701,10.8,WH_04,Delivered
ORD_000260,SUPP_013,PROD_015,2022-08-09,2022-08-11,2,590,387.97,WH_04,Pending
ORD_000261,SUPP_009,PROD_013,2022-06-17,2022-06-23,6,116,98.6,WH_03,Pending
ORD_000262,SUPP_008,PROD_003,2022-01-05,2022-01-18,13,548,12.21,WH_01,Shipped
ORD_000263,SUPP_003,PROD_048,2022-08-27,2022-09-03,7,869,10.73,WH_05,Cancelled
ORD_000264,SUPP_003,PROD_035,2022-04-01,2022-05-01,30,240,121.21,WH_04,Cancelled
ORD_000265,SUPP_016,PROD_001,2022-08-12,2022-08-19,7,391,488.27,WH_01,Delivered
ORD_000266,SUPP_001,PROD_038,2022-06-27,2022-07-20,23,377,415.27,WH_04,Shipped
ORD_000267,SUPP_020,PROD_034,2022-02-17,2022-02-26,9,968,60.6,WH_01,Delivered
ORD_000268,SUPP_001,PROD_045,2022-03-14,2022-04-03,20,791,332.84,WH_04,Shipped
ORD_000269,SUPP_019,PROD_043,2022-06-13,2022-06-20,7,432,258.93,WH_01,Pending
ORD_000270,SUPP_016,PROD_008,2022-09-18,2022-10-17,29,459,240.2,WH_04,Delivered
ORD_000271,SUPP_005,PROD_027,2022-05-11,2022-05-24,13,81,286.84,WH_03,Shipped
ORD_000272,SUPP_015,PROD_016,2022-06-29,2022-07-15,16,794,468.19,WH_01,Cancelled
ORD_000273,SUPP_001,PROD_036,2022-07-27,2022-08-21,25,794,228.58,WH_04,Shipped
ORD_000274,SUPP_009,PROD_031,2022-09-01,2022-09-06,5,234,226.05,WH_03,Cancelled
ORD_000275,SUPP_020,PROD_010,2022-09-25,2022-10-17,22,90,101.93,WH_05,Pending
ORD_000276,SUPP_002,PROD_010,2022-06-25,2022-06-27,2,343,436.32,WH_02,Cancelled
ORD_000277,SUPP_013,PROD_044,2022-04-07,2022-04-21,14,509,104.11,WH_04,Pending
ORD_000278,SUPP_011,PROD_049,2022-12-16,2023-01-12,27,534,101.95,WH_03,Shipped
ORD_000279,SUPP_017,PROD_035,2022-12-31,2023-01-28,28,609,295.52,WH_02,Cancelled
ORD_000280,SUPP_019,PROD_014,2022-11-03,2022-11-18,15,34,129.05,WH_05,Delivered
ORD_000281,SUPP_018,PROD_047,2022-04-11,2022-04-12,1,45,40.51,WH_02,Cancelled
ORD_000282,SUPP_020,PROD_015,2022-12-05,2022-12-27,22,112,432.36,WH_05,Cancelled
ORD_000283,SUPP_010,PROD_044,2022-06-23,2022-07-09,16,702,104.15,WH_03,Delivered
ORD_000284,SUPP_015,PROD_026,2022-08-13,2022-09-04,22,326,424.54,WH_04,Pending
ORD_000285,SUPP_005,PROD_015,2022-02-28,2022-03-25,25,160,477.38,WH_04,Cancelled
ORD_000286,SUPP_018,PROD_014,2022-07-08,2022-07-31,23,48,20.43,WH_02,Pending
ORD_000287,SUPP_014,PROD_038,2022-10-19,2022-11-16,28,810,211.59,WH_02,Pending
ORD_000288,SUPP_005,PROD_034,2022-11-26,2022-12-26,30,502,161.23,WH_05,Pending
ORD_000289,SUPP_003,PROD_039,2022-09-10,2022-10-05,25,16,109.94,WH_05,Delivered
ORD_000290,SUPP_010,PROD_006,2022-01-12,2022-02-06,25,828,127.17,WH_01,Delivered
ORD_000291,SUPP_005,PROD_030,2022-05-13,2022-05-17,4,608,229.1,WH_02,Cancelled
ORD_000292,SUPP_013,PROD_048,2022-09-17,2022-10-17,30,348,121.87,WH_05,Delivered
ORD_000293,SUPP_003,PROD_003,2022-03-21,2022-04-01,11,642,296.25,WH_04,Pending
ORD_000294,SUPP_017,PROD_031,2022-08-11,2022-08-22,11,395,367.29,WH_01,Pending
ORD_000295,SUPP_014,PROD_039,2022-12-07,2023-01-06,30,986,75.45,WH_02,Pending
ORD_000296,SUPP_004,PROD_046,2022-08-09,2022-08-17,8,33,318.37,WH_03,Cancelled
ORD_000297,SUPP_004,PROD_023,2022-05-30,2022-06-11,12,631,403.51,WH_02,Pending
ORD_000298,SUPP_011,PROD_033,2022-10-10,2022-10-11,1,166,454.94,WH_01,Delivered
ORD_000299,SUPP_011,PROD_009,2022-06-26,2022-06-30,4,629,285.01,WH_01,Delivered
ORD_000300,SUPP_019,PROD_007,2022-09-24,2022-09-27,3,882,499.51,WH_02,Cancelled
ORD_000301,SUPP_002,PROD_034,2022-04-25,2022-05-07,12,100,283.32,WH_02,Shipped
ORD_000302,SUPP_008,PROD_026,2022-04-14,2022-05-04,20,716,375.19,WH_03,Shipped
ORD_000303,SUPP_009,PROD_047,2022-06-28,2022-07-16,18,873,108.39,WH_04,Delivered
ORD_000304,SUPP_005,PROD_018,2022-10-15,2022-11-06,22,795,387.1,WH_01,Delivered
ORD_000305,SUPP_010,PROD_046,2022-06-15,2022-06-17,2,87,309.74,WH_03,Pending
ORD_000306,SUPP_006,PROD_046,2022-05-21,2022-05-28,7,526,281.79,WH_04,Pending
ORD_000307,SUPP_014,PROD_033,2022-09-30,2022-10-27,27,419,70.13,WH_05,Cancelled
ORD_000308,SUPP_011,PROD_012,2022-06-01,2022-06-09,8,644,224.11,WH_03,Pending
ORD_000309,SUPP_001,PROD_001,2022-11-23,2022-12-21,28,276,47.33,WH_03,Delivered
ORD_000310,SUPP_018,PROD_042,2022-05-28,2022-05-30,2,803,357.15,WH_05,Shipped
ORD_000311,SUPP_009,PROD_039,2022-01-29,2022-02-24,26,398,215.11,WH_05,Shipped
ORD_000312,SUPP_009,PROD_021,2022-09-30,2022-10-16,16,911,229.92,WH_01,Cancelled
ORD_000313,SUPP_012,PROD_011,2022-09-24,2022-09-26,2,237,356.04,WH_04,Cancelled
ORD_000314,SUPP_001,PROD_016,2022-02-11,2022-02-21,10,101,413.99,WH_02,Cancelled
ORD_000315,SUPP_001,PROD_049,2022-07-05,2022-07-22,17,424,71.03,WH_02,Cancelled
ORD_000316,SUPP_010,PROD_018,2022-07-26,2022-08-09,14,483,351.72,WH_01,Shipped
ORD_000317,SUPP_017,PROD_023,2022-04-14,2022-04-22,8,155,118.44,WH_03,Shipped
ORD_000318,SUPP_006,PROD_036,2022-05-09,2022-05-27,18,28,98.81,WH_04,Shipped
ORD_000319,SUPP_008,PROD_049,2022-10-14,2022-10-19,5,903,418.3,WH_02,Shipped
ORD_000320,SUPP_017,PROD_050,2022-06-03,2022-06-29,26,889,429.19,WH_01,Cancelled
ORD_000321,SUPP_007,PROD_004,2022-07-30,2022-08-05,6,391,257.71,WH_02,Cancelled
ORD_000322,SUPP_018,PROD_034,2022-09-10,2022-09-14,4,130,429.34,WH_05,Pending
ORD_000323,SUPP_003,PROD_001,2022-05-05,2022-05-29,24,406,230.69,WH_03,Cancelled
ORD_000324,SUPP_012,PROD_043,2022-07-22,2022-07-31,9,744,47.55,WH_02,Shipped
ORD_000325,SUPP_007,PROD_003,2022-01-28,2022-02-14,17,829,42.85,WH_04,Shipped
ORD_000326,SUPP_015,PROD_046,2022-12-05,2022-12-10,5,615,317.17,WH_05,Delivered
ORD_000327,SUPP_001,PROD_039,2022-03-17,2022-03-29,12,683,185.41,WH_03,Delivered
ORD_000328,SUPP_005,PROD_002,2022-09-03,2022-09-29,26,752,468.27,WH_02,Cancelled
ORD_000329,SUPP_011,PROD_031,2022-06-04,2022-06-19,15,143,242.97,WH_03,Delivered
ORD_000330,SUPP_012,PROD_041,2022-11-05,2022-11-18,13,406,293.59,WH_05,Delivered
ORD_000331,SUPP_019,PROD_016,2022-04-07,2022-04-21,14,222,139.93,WH_02,Shipped
ORD_000332,SUPP_020,PROD_034,2022-09-30,2022-10-25,25,934,258.09,WH_04,Delivered
ORD_000333,SUPP_009,PROD_028,2022-06-04,2022-06-19,15,929,328.76,WH_01,Shipped
ORD_000334,SUPP_009,PROD_030,2022-12-20,2022-12-23,3,19,108.62,WH_01,Delivered
ORD_000335,SUPP_001,PROD_014,2022-04-05,2022-04-25,20,178,454.54,WH_03,Delivered
ORD_000336,SUPP_001,PROD_044,2022-12-03,2022-12-04,1,22,307.71,WH_02,Delivered
ORD_000337,SUPP_008,PROD_026,2022-09-13,2022-10-07,24,372,430.54,WH_01,Cancelled
ORD_000338,SUPP_004,PROD_045,2022-01-13,2022-02-07,25,177,16.99,WH_05,Delivered
ORD_000339,SUPP_012,PROD_048,2022-04-17,2022-05-15,28,943,198.14,WH_03,Shipped
ORD_000340,SUPP_006,PROD_032,2022-12-03,2022-12-08,5,627,299.79,WH_04,Shipped
ORD_000341,SUPP_001,PROD_004,2022-08-12,2022-09-10,29,619,25.36,WH_02,Pending
ORD_000342,SUPP_014,PROD_020,2022-06-19,2022-07-10,21,939,316.87,WH_05,Shipped
ORD_000343,SUPP_002,PROD_022,2022-03-12,2022-03-23,11,673,376.04,WH_04,Cancelled
ORD_000344,SUPP_020,PROD_022,2022-05-19,2022-06-17,29,662,48.17,WH_02,Pending
ORD_000345,SUPP_017,PROD_017,2022-10-14,2022-11-06,23,415,307.92,WH_04,Shipped
ORD_000346,SUPP_020,PROD_027,2022-03-06,2022-03-28,22,673,408.33,WH_01,Pending
ORD_000347,SUPP_006,PROD_048,2022-09-04,2022-09-14,10,703,367.19,WH_04,Delivered
ORD_000348,SUPP_009,PROD_008,2022-11-22,2022-12-04,12,522,414.36,WH_01,Pending
ORD_000349,SUPP_002,PROD_039,2022-01-08,2022-02-02,25,977,77.86,WH_01,Cancelled
ORD_000350,SUPP_013,PROD_031,2022-01-14,2022-01-25,11,648,411.7,WH_01,Cancelled
ORD_000351,SUPP_019,PROD_048,2022-04-26,2022-04-28,2,215,212.09,WH_01,Pending
ORD_000352,SUPP_020,PROD_026,2022-03-09,2022-03-27,18,749,354.64,WH_04,Cancelled
ORD_000353,SUPP_018,PROD_004,2022-08-17,2022-09-15,29,556,81.25,WH_02,Shipped
ORD_000354,SUPP_019,PROD_011,2022-02-15,2022-03-06,19,481,151.03,WH_03,Shipped
ORD_000355,SUPP_013,PROD_044,2022-01-05,2022-02-02,28,652,432.51,WH_05,Pending
ORD_000356,SUPP_001,PROD_041,2022-05-26,2022-05-31,5,792,79.02,WH_05,Shipped
ORD_000357,SUPP_004,PROD_022,2022-01-04,2022-01-28,24,841,168.43,WH_02,Delivered
ORD_000358,SUPP_019,PROD_049,2022-02-02,2022-02-05,3,382,111.48,WH_04,Delivered
ORD_000359,SUPP_016,PROD_031,2022-10-02,2022-10-19,17,87,49.63,WH_04,Cancelled
ORD_000360,SUPP_013,PROD_035,2022-09-03,2022-09-21,18,437,264.14,WH_02,Shipped
ORD_000361,SUPP_013,PROD_033,2022-06-10,2022-06-15,5,901,44.53,WH_02,Pending
ORD_000362,SUPP_013,PROD_042,2022-10-17,2022-10-21,4,681,43.38,WH_03,Delivered
ORD_000363,SUPP_012,PROD_043,2022-09-02,2022-09-15,13,606,409.31,WH_05,Cancelled
ORD_000364,SUPP_017,PROD_023,2022-04-29,2022-05-24,25,515,28.42,WH_04,Delivered
ORD_000365,SUPP_011,PROD_033,2022-01-04,2022-01-12,8,589,47.7,WH_01,Delivered
ORD_000366,SUPP_014,PROD_050,2022-11-13,2022-11-21,8,559,21.9,WH_05,Pending
ORD_000367,SUPP_002,PROD_037,2022-07-03,2022-07-05,2,966,189.22,WH_03,Delivered
ORD_000368,SUPP_016,PROD_031,2022-08-03,2022-08-04,1,831,327.47,WH_02,Cancelled
ORD_000369,SUPP_012,PROD_044,2022-03-24,2022-04-23,30,45,382.99,WH_04,Shipped
ORD_000370,SUPP_013,PROD_045,2022-05-28,2022-06-19,22,900,294.33,WH_02,Pending
ORD_000371,SUPP_015,PROD_040,2022-11-04,2022-12-01,27,1000,338.73,WH_05,Cancelled
ORD_000372,SUPP_011,PROD_038,2022-06-17,2022-07-01,14,582,387.03,WH_02,Cancelled
ORD_000373,SUPP_013,PROD_016,2022-07-08,2022-07-21,13,303,127.9,WH_03,Shipped
ORD_000374,SUPP_018,PROD_038,2022-07-10,2022-07-25,15,244,303.67,WH_05,Shipped
ORD_000375,SUPP_011,PROD_016,2022-03-15,2022-04-12,28,779,135.78,WH_02,Pending
ORD_000376,SUPP_015,PROD_031,2022-04-15,2022-05-08,23,186,304.16,WH_05,Shipped
ORD_000377,SUPP_003,PROD_035,2022-09-12,2022-10-11,29,216,153.93,WH_03,Shipped
ORD_000378,SUPP_012,PROD_027,2022-06-11,2022-07-05,24,22,31.23,WH_02,Shipped
ORD_000379,SUPP_018,PROD_030,2022-02-11,2022-02-20,9,514,151.01,WH_04,Cancelled
ORD_000380,SUPP_011,PROD_044,2022-12-25,2023-01-22,28,714,198.83,WH_01,Pending
ORD_000381,SUPP_011,PROD_011,2022-05-17,2022-06-06,20,738,283.8,WH_03,Cancelled
ORD_000382,SUPP_016,PROD_024,2022-04-23,2022-05-15,22,92,365.83,WH_01,Pending
ORD_000383,SUPP_019,PROD_033,2022-06-19,2022-07-13,24,837,302.34,WH_01,Shipped
ORD_000384,SUPP_001,PROD_003,2022-02-18,2022-03-17,27,956,367.76,WH_01,Cancelled
ORD_000385,SUPP_005,PROD_050,2022-10-22,2022-11-21,30,945,309.45,WH_02,Delivered
ORD_000386,SUPP_010,PROD_011,2022-04-05,2022-04-24,19,975,120.75,WH_02,Shipped
ORD_000387,SUPP_009,PROD_032,2022-06-05,2022-06-10,5,753,311.94,WH_02,Pending
ORD_000388,SUPP_005,PROD_043,2022-07-28,2022-08-03,6,204,436.49,WH_01,Delivered
ORD_000389,SUPP_018,PROD_043,2022-09-03,2022-09-25,22,130,380.13,WH_03,Pending
ORD_000390,SUPP_020,PROD_045,2022-05-23,2022-06-18,26,614,370.88,WH_01,Shipped
ORD_000391,SUPP_007,PROD_048,2022-10-23,2022-11-14,22,4,214.92,WH_02,Cancelled
ORD_000392,SUPP_018,PROD_003,2022-09-15,2022-09-26,11,973,117.79,WH_02,Cancelled
ORD_000393,SUPP_011,PROD_043,2022-08-15,2022-08-23,8,964,328.09,WH_03,Shipped
ORD_000394,SUPP_004,PROD_023,2022-09-08,2022-09-17,9,362,273.94,WH_03,Shipped
ORD_000395,SUPP_010,PROD_036,2022-07-20,2022-07-23,3,180,194.03,WH_05,Pending
ORD_000396,SUPP_017,PROD_009,2022-08-24,2022-08-29,5,433,138.18,WH_05,Shipped
ORD_000397,SUPP_006,PROD_048,2022-02-05,2022-02-14,9,452,487.37,WH_04,Pending
ORD_000398,SUPP_012,PROD_025,2022-07-16,2022-08-03,18,129,388.39,WH_05,Shipped
ORD_000399,SUPP_002,PROD_020,2022-11-12,2022-11-27,15,529,383.09,WH_04,Shipped
ORD_000400,SUPP_015,PROD_014,2022-07-20,2022-07-23,3,100,272.3,WH_01,Cancelled
ORD_000401,SUPP_006,PROD_003,2022-04-14,2022-04-22,8,247,56.62,WH_04,Cancelled
ORD_000402,SUPP_003,PROD_036,2022-04-19,2022-05-06,17,204,117.06,WH_01,Shipped
ORD_000403,SUPP_004,PROD_033,2022-03-08,2022-03-28,20,200,279.62,WH_05,Cancelled
ORD_000404,SUPP_020,PROD_026,2022-11-25,2022-12-25,30,269,339.6,WH_04,Pending
ORD_000405,SUPP_012,PROD_023,2022-04-16,2022-05-09,23,660,26.99,WH_02,Cancelled
ORD_000406,SUPP_007,PROD_034,2022-12-16,2022-12-23,7,846,13.44,WH_02,Cancelled
ORD_000407,SUPP_016,PROD_006,2022-11-06,2022-11-15,9,856,327.99,WH_04,Delivered
ORD_000408,SUPP_010,PROD_043,2022-02-15,2022-03-07,20,128,415.05,WH_03,Pending
ORD_000409,SUPP_008,PROD_009,2022-07-29,2022-08-28,30,901,127.63,WH_01,Cancelled
ORD_000410,SUPP_010,PROD_010,2022-09-22,2022-10-20,28,649,191.38,WH_02,Pending
ORD_000411,SUPP_017,PROD_021,2022-06-13,2022-07-05,22,743,47.04,WH_02,Shipped
ORD_000412,SUPP_010,PROD_034,2022-12-24,2023-01-07,14,667,365.57,WH_04,Cancelled
ORD_000413,SUPP_002,PROD_010,2022-08-14,2022-08-17,3,295,318.43,WH_02,Shipped
ORD_000414,SUPP_020,PROD_032,2022-06-29,2022-07-04,5,600,82.82,WH_05,Cancelled
ORD_000415,SUPP_009,PROD_048,2022-04-19,2022-04-23,4,965,87.31,WH_04,Cancelled
ORD_000416,SUPP_006,PROD_003,2022-06-03,2022-06-28,25,482,290.72,WH_03,Pending
ORD_000417,SUPP_004,PROD_032,2022-05-06,2022-05-23,17,44,24.75,WH_05,Pending
ORD_000418,SUPP_015,PROD_017,2022-10-27,2022-11-05,9,720,285.62,WH_04,Shipped
ORD_000419,SUPP_008,PROD_041,2022-03-04,2022-03-26,22,843,294.78,WH_05,Shipped
ORD_000420,SUPP_016,PROD_042,2022-11-18,2022-11-26,8,14,120.97,WH_05,Shipped
ORD_000421,SUPP_005,PROD_049,2022-10-31,2022-11-20,20,182,43.28,WH_03,Pending
ORD_000422,SUPP_009,PROD_040,2022-08-28,2022-09-16,19,799,136.41,WH_04,Pending
ORD_000423,SUPP_003,PROD_010,2022-08-20,2022-08-22,2,356,173.1,WH_04,Cancelled
ORD_000424,SUPP_001,PROD_019,2022-12-01,2022-12-09,8,218,390.31,WH_05,Shipped
ORD_000425,SUPP_008,PROD_034,2022-04-20,2022-05-05,15,328,487.3,WH_01,Delivered
ORD_000426,SUPP_014,PROD_038,2022-09-23,2022-10-11,18,133,358.3,WH_05,Cancelled
ORD_000427,SUPP_007,PROD_020,2022-02-18,2022-03-05,15,665,321.49,WH_02,Delivered
ORD_000428,SUPP_010,PROD_006,2022-07-08,2022-07-13,5,461,22.87,WH_04,Pending
ORD_000429,SUPP_010,PROD_033,2022-11-15,2022-12-10,25,435,239.42,WH_05,Shipped
ORD_000430,SUPP_006,PROD_001,2022-05-17,2022-05-21,4,860,198.6,WH_03,Shipped
ORD_000431,SUPP_016,PROD_031,2022-05-16,2022-06-02,17,414,75.03,WH_04,Delivered
ORD_000432,SUPP_006,PROD_045,2022-01-08,2022-01-15,7,348,138.24,WH_01,Pending
ORD_000433,SUPP_014,PROD_020,2022-06-15,2022-07-05,20,738,461.0,WH_03,Cancelled
ORD_000434,SUPP_005,PROD_042,2022-03-05,2022-03-13,8,367,382.98,WH_04,Cancelled
ORD_000435,SUPP_006,PROD_044,2022-07-01,2022-07-15,14,870,223.82,WH_03,Pending
ORD_000436,SUPP_003,PROD_036,2022-08-20,2022-08-25,5,99,17.62,WH_05,Cancelled
ORD_000437,SUPP_016,PROD_016,2022-07-21,2022-08-11,21,739,57.35,WH_01,Delivered
ORD_000438,SUPP_020,PROD_011,2022-06-04,2022-06-13,9,540,70.97,WH_03,Pending
ORD_000439,SUPP_005,PROD_001,2022-02-17,2022-02-28,11,772,175.49,WH_02,Shipped
ORD_000440,SUPP_012,PROD_043,2022-10-20,2022-11-04,15,268,277.47,WH_04,Cancelled
ORD_000441,SUPP_001,PROD_007,2022-01-03,2022-01-07,4,338,365.11,WH_03,Pending
ORD_000442,SUPP_017,PROD_050,2022-06-04,2022-07-03,29,95,60.15,WH_05,Delivered
ORD_000443,SUPP_002,PROD_016,2022-02-26,2022-03-20,22,169,227.84,WH_02,Cancelled
ORD_000444,SUPP_009,PROD_045,2022-03-27,2022-04-11,15,722,417.56,WH_01,Cancelled
ORD_000445,SUPP_001,PROD_008,2022-02-21,2022-03-03,10,85,318.86,WH_04,Shipped
ORD_000446,SUPP_009,PROD_047,2022-07-16,2022-07-24,8,475,326.11,WH_05,Delivered
ORD_000447,SUPP_006,PROD_028,2022-11-24,2022-12-20,26,9,298.62,WH_05,Shipped
ORD_000448,SUPP_010,PROD_023,2022-09-20,2022-10-01,11,485,318.15,WH_04,Delivered
ORD_000449,SUPP_012,PROD_018,2022-03-25,2022-03-31,6,901,118.9,WH_04,Delivered
ORD_000450,SUPP_001,PROD_024,2022-08-31,2022-09-20,20,808,471.34,WH_03,Shipped
ORD_000451,SUPP_001,PROD_007,2022-08-24,2022-09-17,24,530,411.09,WH_02,Shipped
ORD_000452,SUPP_013,PROD_045,2022-11-05,2022-11-16,11,565,75.12,WH_04,Cancelled
ORD_000453,SUPP_015,PROD_029,2022-07-08,2022-07-09,1,203,287.88,WH_01,Cancelled
ORD_000454,SUPP_005,PROD_043,2022-02-14,2022-03-10,24,532,349.81,WH_05,Cancelled
ORD_000455,SUPP_020,PROD_018,2022-04-17,2022-04-20,3,439,21.18,WH_04,Delivered
ORD_000456,SUPP_001,PROD_013,2022-11-12,2022-11-22,10,852,384.63,WH_04,Cancelled
ORD_000457,SUPP_017,PROD_045,2022-05-26,2022-05-29,3,40,52.18,WH_04,Cancelled
ORD_000458,SUPP_013,PROD_042,2022-12-23,2023-01-17,25,656,387.98,WH_03,Cancelled
ORD_000459,SUPP_013,PROD_036,2022-01-01,2022-01-22,21,446,321.25,WH_04,Shipped
ORD_000460,SUPP_013,PROD_044,2022-08-09,2022-09-08,30,992,203.49,WH_05,Delivered
ORD_000461,SUPP_016,PROD_036,2022-07-09,2022-07-19,10,429,410.77,WH_05,Shipped
ORD_000462,SUPP_012,PROD_003,2022-08-06,2022-08-21,15,982,226.02,WH_01,Shipped
ORD_000463,SUPP_011,PROD_015,2022-07-12,2022-07-13,1,640,176.04,WH_02,Cancelled
ORD_000464,SUPP_003,PROD_050,2022-02-20,2022-02-26,6,966,305.93,WH_02,Shipped
ORD_000465,SUPP_001,PROD_042,2022-09-24,2022-10-24,30,941,342.75,WH_04,Shipped
ORD_000466,SUPP_010,PROD_026,2022-08-14,2022-08-24,10,981,270.35,WH_02,Cancelled
ORD_000467,SUPP_006,PROD_007,2022-12-05,2022-12-09,4,485,409.24,WH_03,Delivered
ORD_000468,SUPP_010,PROD_026,2022-01-17,2022-02-05,19,840,140.93,WH_04,Pending
ORD_000469,SUPP_002,PROD_049,2022-11-30,2022-12-23,23,849,153.92,WH_04,Delivered
ORD_000470,SUPP_018,PROD_014,2022-07-13,2022-08-11,29,70,217.74,WH_01,Pending
ORD_000471,SUPP_012,PROD_001,2022-05-31,2022-06-10,10,60,10.57,WH_05,Pending
ORD_000472,SUPP_005,PROD_039,2022-03-28,2022-04-13,16,665,49.81,WH_02,Pending
ORD_000473,SUPP_018,PROD_009,2022-02-22,2022-02-25,3,727,42.01,WH_01,Shipped
ORD_000474,SUPP_004,PROD_032,2022-08-10,2022-08-13,3,118,242.05,WH_04,Shipped
ORD_000475,SUPP_018,PROD_007,2022-03-12,2022-04-09,28,382,367.64,WH_04,Shipped
ORD_000476,SUPP_003,PROD_041,2022-09-17,2022-09-19,2,748,440.86,WH_02,Pending
ORD_000477,SUPP_013,PROD_024,2022-09-28,2022-10-28,30,332,285.23,WH_05,Cancelled
ORD_000478,SUPP_010,PROD_016,2022-10-17,2022-11-09,23,94,84.72,WH_04,Delivered
ORD_000479,SUPP_010,PROD_023,2022-09-16,2022-09-28,12,22,13.91,WH_02,Delivered
ORD_000480,SUPP_007,PROD_042,2022-03-12,2022-03-18,6,119,415.93,WH_04,Shipped
ORD_000481,SUPP_009,PROD_017,2022-03-13,2022-04-10,28,42,94.37,WH_03,Delivered
ORD_000482,SUPP_007,PROD_041,2022-02-18,2022-03-07,17,813,252.54,WH_03,Delivered
ORD_000483,SUPP_007,PROD_041,2022-03-01,2022-03-21,20,687,348.29,WH_03,Cancelled
ORD_000484,SUPP_004,PROD_018,2022-07-18,2022-08-05,18,366,25.68,WH_03,Shipped
ORD_000485,SUPP_013,PROD_003,2022-08-04,2022-08-22,18,277,391.4,WH_02,Delivered
ORD_000486,SUPP_002,PROD_048,2022-05-18,2022-06-11,24,82,497.92,WH_04,Pending
ORD_000487,SUPP_009,PROD_015,2022-12-02,2023-01-01,30,839,431.77,WH_02,Delivered
ORD_000488,SUPP_012,PROD_034,2022-11-21,2022-11-25,4,176,253.74,WH_05,Pending
ORD_000489,SUPP_014,PROD_019,2022-12-22,2023-01-13,22,44,136.45,WH_01,Shipped
ORD_000490,SUPP_011,PROD_012,2022-07-27,2022-08-04,8,598,278.83,WH_02,Pending
ORD_000491,SUPP_018,PROD_049,2022-04-08,2022-04-23,15,897,277.9,WH_04,Delivered
ORD_000492,SUPP_012,PROD_024,2022-03-01,2022-03-26,25,811,18.18,WH_03,Shipped
ORD_000493,SUPP_016,PROD_015,2022-12-15,2023-01-08,24,883,321.96,WH_04,Pending
ORD_000494,SUPP_007,PROD_040,2022-09-11,2022-09-25,14,776,202.23,WH_02,Cancelled
ORD_000495,SUPP_013,PROD_029,2022-11-26,2022-12-20,24,220,133.82,WH_02,Pending
ORD_000496,SUPP_010,PROD_048,2022-04-05,2022-04-09,4,158,132.64,WH_04,Delivered
ORD_000497,SUPP_017,PROD_042,2022-08-04,2022-08-15,11,552,366.87,WH_04,Cancelled
ORD_000498,SUPP_004,PROD_017,2022-11-06,2022-11-17,11,264,133.7,WH_03,Cancelled
ORD_000499,SUPP_020,PROD_033,2022-01-12,2022-01-28,16,960,326.62,WH_05,Shipped
ORD_000500,SUPP_014,PROD_018,2022-12-02,2022-12-27,25,417,363.96,WH_01,Cancelled
ORD_000501,SUPP_018,PROD_006,2022-05-23,2022-06-15,23,831,22.47,WH_04,Cancelled
ORD_000502,SUPP_018,PROD_023,2022-10-09,2022-10-25,16,537,228.0,WH_04,Shipped
ORD_000503,SUPP_019,PROD_049,2022-01-13,2022-02-02,20,365,113.02,WH_04,Pending
ORD_000504,SUPP_008,PROD_007,2022-03-26,2022-04-21,26,621,232.05,WH_02,Cancelled
ORD_000505,SUPP_011,PROD_029,2022-12-22,2022-12-27,5,501,393.42,WH_03,Cancelled
ORD_000506,SUPP_011,PROD_046,2022-09-26,2022-10-20,24,820,496.02,WH_01,Delivered
ORD_000507,SUPP_017,PROD_017,2022-07-21,2022-08-17,27,548,328.57,WH_05,Pending
ORD_000508,SUPP_010,PROD_009,2022-09-16,2022-09-21,5,149,41.29,WH_03,Shipped
ORD_000509,SUPP_002,PROD_002,2022-09-08,2022-09-24,16,80,291.1,WH_01,Shipped
ORD_000510,SUPP_015,PROD_037,2022-03-11,2022-03-30,19,265,49.67,WH_03,Shipped
ORD_000511,SUPP_015,PROD_024,2022-01-22,2022-02-02,11,106,442.08,WH_05,Pending
ORD_000512,SUPP_010,PROD_043,2022-06-07,2022-06-26,19,375,98.44,WH_01,Cancelled
ORD_000513,SUPP_013,PROD_026,2022-11-21,2022-11-28,7,94,214.7,WH_03,Cancelled
ORD_000514,SUPP_014,PROD_043,2022-09-10,2022-10-09,29,386,81.26,WH_02,Cancelled
ORD_000515,SUPP_007,PROD_018,2022-02-06,2022-03-04,26,141,237.84,WH_03,Delivered
ORD_000516,SUPP_015,PROD_022,2022-05-06,2022-05-12,6,473,488.1,WH_03,Shipped
ORD_000517,SUPP_016,PROD_010,2022-02-19,2022-03-09,18,601,306.23,WH_03,Shipped
ORD_000518,SUPP_003,PROD_043,2022-06-11,2022-06-17,6,279,468.19,WH_01,Pending
ORD_000519,SUPP_013,PROD_021,2022-06-17,2022-06-27,10,342,429.43,WH_01,Shipped
ORD_000520,SUPP_010,PROD_041,2022-04-06,2022-04-12,6,869,283.31,WH_04,Shipped
ORD_000521,SUPP_003,PROD_046,2022-09-26,2022-10-25,29,266,449.28,WH_01,Pending
ORD_000522,SUPP_013,PROD_048,2022-02-15,2022-02-28,13,475,247.47,WH_02,Shipped
ORD_000523,SUPP_002,PROD_008,2022-03-19,2022-04-09,21,123,419.12,WH_05,Pending
ORD_000524,SUPP_010,PROD_006,2022-10-23,2022-11-11,19,103,116.28,WH_03,Cancelled
ORD_000525,SUPP_006,PROD_034,2022-08-20,2022-09-12,23,274,384.39,WH_02,Cancelled
ORD_000526,SUPP_009,PROD_012,2022-03-24,2022-04-20,27,742,51.98,WH_05,Delivered
ORD_000527,SUPP_015,PROD_043,2022-02-16,2022-02-27,11,529,217.92,WH_03,Cancelled
ORD_000528,SUPP_002,PROD_009,2022-06-28,2022-07-04,6,512,120.83,WH_02,Pending
ORD_000529,SUPP_005,PROD_049,2022-08-14,2022-08-28,14,102,186.75,WH_02,Pending
ORD_000530,SUPP_011,PROD_009,2022-04-13,2022-04-21,8,632,278.15,WH_04,Delivered
ORD_000531,SUPP_019,PROD_041,2022-09-04,2022-10-03,29,517,493.13,WH_03,Delivered
ORD_000532,SUPP_001,PROD_040,2022-12-17,2023-01-06,20,939,98.3,WH_02,Pending
ORD_000533,SUPP_010,PROD_029,2022-03-31,2022-04-04,4,50,233.11,WH_05,Cancelled
ORD_000534,SUPP_014,PROD_021,2022-11-08,2022-12-04,26,346,121.1,WH_03,Cancelled
ORD_000535,SUPP_005,PROD_034,2022-01-14,2022-02-07,24,494,405.0,WH_01,Pending
ORD_000536,SUPP_018,PROD_002,2022-03-12,2022-04-06,25,893,63.6,WH_03,Delivered
ORD_000537,SUPP_007,PROD_050,2022-02-02,2022-02-24,22,50,381.61,WH_02,Delivered
ORD_000538,SUPP_013,PROD_042,2022-09-29,2022-10-19,20,695,492.39,WH_04,Shipped
ORD_000539,SUPP_013,PROD_047,2022-01-21,2022-02-10,20,755,119.25,WH_01,Cancelled
ORD_000540,SUPP_001,PROD_027,2022-03-20,2022-04-14,25,206,41.07,WH_02,Delivered
ORD_000541,SUPP_009,PROD_019,2022-08-20,2022-08-31,11,537,212.54,WH_03,Delivered
ORD_000542,SUPP_017,PROD_020,2022-08-16,2022-09-11,26,548,172.72,WH_03,Cancelled
ORD_000543,SUPP_009,PROD_045,2022-01-08,2022-01-15,7,861,455.51,WH_04,Delivered
ORD_000544,SUPP_013,PROD_028,2022-12-16,2022-12-21,5,942,483.98,WH_04,Shipped
ORD_000545,SUPP_006,PROD_040,2022-04-09,2022-04-12,3,891,466.56,WH_05,Shipped
ORD_000546,SUPP_019,PROD_012,2022-12-05,2022-12-21,16,125,245.82,WH_02,Cancelled
ORD_000547,SUPP_006,PROD_008,2022-01-28,2022-02-14,17,40,354.47,WH_01,Pending
ORD_000548,SUPP_019,PROD_009,2022-03-17,2022-04-05,19,215,326.58,WH_03,Pending
ORD_000549,SUPP_004,PROD_025,2022-09-08,2022-09-13,5,344,291.0,WH_05,Shipped
ORD_000550,SUPP_020,PROD_015,2022-11-02,2022-11-21,19,455,305.49,WH_01,Shipped
ORD_000551,SUPP_014,PROD_007,2022-04-07,2022-04-30,23,134,97.19,WH_03,Delivered
ORD_000552,SUPP_011,PROD_011,2022-08-17,2022-09-09,23,345,277.66,WH_01,Cancelled
ORD_000553,SUPP_001,PROD_004,2022-04-07,2022-04-18,11,446,443.47,WH_03,Cancelled
ORD_000554,SUPP_019,PROD_008,2022-06-18,2022-06-21,3,494,307.93,WH_03,Shipped
ORD_000555,SUPP_013,PROD_046,2022-01-31,2022-02-12,12,340,92.82,WH_01,Delivered
ORD_000556,SUPP_015,PROD_001,2022-11-14,2022-12-05,21,164,429.64,WH_05,Delivered
ORD_000557,SUPP_015,PROD_045,2022-02-04,2022-03-02,26,399,411.39,WH_03,Cancelled
ORD_000558,SUPP_010,PROD_002,2022-07-27,2022-08-24,28,25,406.41,WH_04,Pending
ORD_000559,SUPP_005,PROD_020,2022-06-18,2022-06-28,10,622,86.22,WH_04,Pending
ORD_000560,SUPP_020,PROD_021,2022-03-21,2022-04-04,14,827,23.06,WH_02,Shipped
ORD_000561,SUPP_003,PROD_027,2022-09-20,2022-10-18,28,464,436.23,WH_05,Shipped
ORD_000562,SUPP_014,PROD_022,2022-03-09,2022-04-01,23,956,285.19,WH_05,Shipped
ORD_000563,SUPP_003,PROD_006,2022-05-05,2022-05-09,4,208,244.4,WH_02,Pending
ORD_000564,SUPP_013,PROD_022,2022-05-16,2022-05-28,12,605,133.81,WH_05,Pending
ORD_000565,SUPP_010,PROD_029,2022-08-10,2022-09-09,30,867,119.19,WH_04,Pending
ORD_000566,SUPP_017,PROD_039,2022-07-22,2022-08-14,23,820,428.83,WH_03,Shipped
ORD_000567,SUPP_019,PROD_023,2022-05-31,2022-06-26,26,167,96.76,WH_03,Shipped
ORD_000568,SUPP_004,PROD_023,2022-07-13,2022-07-18,5,310,407.67,WH_05,Shipped
ORD_000569,SUPP_013,PROD_002,2022-12-08,2023-01-07,30,844,48.05,WH_02,Cancelled
ORD_000570,SUPP_014,PROD_006,2022-02-09,2022-03-03,22,584,132.48,WH_01,Shipped
ORD_000571,SUPP_011,PROD_048,2022-08-20,2022-09-07,18,734,307.82,WH_01,Shipped
ORD_000572,SUPP_006,PROD_050,2022-11-07,2022-11-26,19,623,33.69,WH_04,Delivered
ORD_000573,SUPP_007,PROD_035,2022-02-01,2022-02-17,16,76,18.25,WH_01,Shipped
ORD_000574,SUPP_006,PROD_032,2022-12-04,2022-12-11,7,534,152.54,WH_05,Pending
ORD_000575,SUPP_005,PROD_024,2022-10-07,2022-11-02,26,810,10.4,WH_05,Delivered
ORD_000576,SUPP_010,PROD_035,2022-04-26,2022-05-15,19,312,15.97,WH_04,Delivered
ORD_000577,SUPP_003,PROD_022,2022-05-24,2022-06-20,27,785,179.53,WH_01,Delivered
ORD_000578,SUPP_019,PROD_010,2022-06-30,2022-07-02,2,741,17.1,WH_05,Cancelled
ORD_000579,SUPP_001,PROD_028,2022-04-30,2022-05-27,27,441,289.43,WH_03,Pending
ORD_000580,SUPP_006,PROD_045,2022-10-21,2022-11-05,15,551,43.1,WH_01,Pending
ORD_000581,SUPP_003,PROD_009,2022-07-21,2022-08-03,13,613,95.88,WH_02,Pending
ORD_000582,SUPP_001,PROD_003,2022-07-21,2022-08-03,13,836,148.66,WH_04,Pending
ORD_000583,SUPP_011,PROD_041,2022-08-04,2022-08-21,17,206,462.34,WH_03,Shipped
ORD_000584,SUPP_002,PROD_027,2022-09-10,2022-09-27,17,998,318.83,WH_02,Delivered
ORD_000585,SUPP_015,PROD_047,2022-04-05,2022-04-24,19,202,114.06,WH_02,Pending
ORD_000586,SUPP_010,PROD_049,2022-06-15,2022-06-26,11,751,159.33,WH_02,Shipped
ORD_000587,SUPP_019,PROD_047,2022-08-01,2022-08-10,9,57,473.17,WH_01,Cancelled
ORD_000588,SUPP_006,PROD_025,2022-04-24,2022-05-08,14,781,199.7,WH_05,Cancelled
ORD_000589,SUPP_020,PROD_045,2022-07-05,2022-08-04,30,48,325.23,WH_05,Shipped
ORD_000590,SUPP_007,PROD_033,2022-07-24,2022-08-09,16,230,290.17,WH_01,Pending
ORD_000591,SUPP_005,PROD_011,2022-06-05,2022-06-06,1,327,65.76,WH_05,Shipped
ORD_000592,SUPP_018,PROD_027,2022-05-12,2022-05-13,1,784,396.41,WH_02,Pending
ORD_000593,SUPP_017,PROD_014,2022-08-16,2022-09-07,22,628,142.33,WH_04,Pending
ORD_000594,SUPP_008,PROD_038,2022-05-17,2022-05-24,7,346,336.41,WH_03,Cancelled
ORD_000595,SUPP_012,PROD_019,2022-01-30,2022-02-08,9,714,62.8,WH_03,Shipped
ORD_000596,SUPP_011,PROD_015,2022-05-04,2022-05-31,27,205,102.13,WH_04,Pending
ORD_000597,SUPP_018,PROD_017,2022-12-07,2022-12-13,6,994,481.08,WH_04,Pending
ORD_000598,SUPP_018,PROD_043,2022-01-23,2022-02-10,18,445,345.61,WH_03,Shipped
ORD_000599,SUPP_017,PROD_020,2022-02-13,2022-03-14,29,992,61.24,WH_04,Delivered
ORD_000600,SUPP_006,PROD_010,2022-03-04,2022-03-14,10,750,424.99,WH_03,Shipped
ORD_000601,SUPP_016,PROD_019,2022-05-07,2022-06-06,30,870,461.93,WH_05,Shipped
ORD_000602,SUPP_003,PROD_031,2022-04-09,2022-04-21,12,437,141.6,WH_03,Pending
ORD_000603,SUPP_005,PROD_030,2022-11-18,2022-11-30,12,519,73.54,WH_04,Cancelled
ORD_000604,SUPP_016,PROD_021,2022-11-09,2022-11-19,10,496,79.07,WH_01,Cancelled
ORD_000605,SUPP_003,PROD_030,2022-10-31,2022-11-06,6,70,383.81,WH_04,Shipped
ORD_000606,SUPP_010,PROD_041,2022-02-24,2022-03-10,14,965,317.2,WH_05,Delivered
ORD_000607,SUPP_018,PROD_002,2022-10-17,2022-10-19,2,414,493.23,WH_04,Delivered
ORD_000608,SUPP_008,PROD_050,2022-05-06,2022-05-12,6,670,329.38,WH_01,Shipped
ORD_000609,SUPP_010,PROD_023,2022-09-06,2022-09-23,17,253,221.72,WH_02,Shipped
ORD_000610,SUPP_011,PROD_012,2022-12-04,2023-01-01,28,23,174.03,WH_01,Delivered
ORD_000611,SUPP_020,PROD_016,2022-02-22,2022-03-18,24,763,447.11,WH_01,Cancelled
ORD_000612,SUPP_017,PROD_040,2022-12-24,2023-01-23,30,956,251.81,WH_03,Pending
ORD_000613,SUPP_007,PROD_003,2022-11-21,2022-12-21,30,414,136.88,WH_03,Shipped
ORD_000614,SUPP_019,PROD_022,2022-05-14,2022-06-07,24,802,374.96,WH_01,Cancelled
ORD_000615,SUPP_005,PROD_003,2022-12-10,2022-12-14,4,450,467.88,WH_03,Delivered
ORD_000616,SUPP_009,PROD_029,2022-01-10,2022-01-21,11,751,167.43,WH_02,Delivered
ORD_000617,SUPP_012,PROD_023,2022-07-12,2022-07-19,7,18,202.96,WH_05,Delivered
ORD_000618,SUPP_013,PROD_039,2022-01-12,2022-01-30,18,876,443.27,WH_03,Pending
ORD_000619,SUPP_014,PROD_010,2022-02-17,2022-03-16,27,129,34.86,WH_05,Delivered
ORD_000620,SUPP_007,PROD_049,2022-12-02,2022-12-14,12,249,498.16,WH_01,Shipped
ORD_000621,SUPP_014,PROD_021,2022-11-26,2022-12-17,21,713,318.12,WH_01,Pending
ORD_000622,SUPP_015,PROD_018,2022-11-20,2022-12-03,13,219,88.61,WH_04,Pending
ORD_000623,SUPP_006,PROD_001,2022-03-27,2022-04-15,19,697,456.24,WH_01,Delivered
ORD_000624,SUPP_002,PROD_043,2022-04-25,2022-05-23,28,232,253.23,WH_03,Delivered
ORD_000625,SUPP_018,PROD_021,2022-12-02,2022-12-27,25,716,253.6,WH_05,Pending
ORD_000626,SUPP_008,PROD_009,2022-04-20,2022-04-28,8,101,78.81,WH_01,Pending
ORD_000627,SUPP_019,PROD_047,2022-11-11,2022-11-25,14,465,328.71,WH_04,Pending
ORD_000628,SUPP_020,PROD_049,2022-11-22,2022-12-09,17,641,442.18,WH_03,Shipped
ORD_000629,SUPP_005,PROD_040,2022-06-03,2022-06-21,18,301,339.67,WH_05,Pending
ORD_000630,SUPP_015,PROD_037,2022-10-18,2022-10-26,8,948,202.4,WH_05,Delivered
ORD_000631,SUPP_004,PROD_021,2022-10-21,2022-11-13,23,998,135.29,WH_05,Delivered
ORD_000632,SUPP_015,PROD_029,2022-02-22,2022-03-24,30,602,409.95,WH_03,Pending
ORD_000633,SUPP_014,PROD_022,2022-01-04,2022-01-30,26,112,422.14,WH_03,Pending
ORD_000634,SUPP_018,PROD_013,2022-10-20,2022-11-11,22,684,12.46,WH_01,Pending
ORD_000635,SUPP_010,PROD_048,2022-08-25,2022-08-29,4,530,336.31,WH_01,Cancelled
ORD_000636,SUPP_008,PROD_018,2022-09-21,2022-10-01,10,804,461.69,WH_02,Cancelled
ORD_000637,SUPP_020,PROD_029,2022-09-02,2022-09-12,10,339,17.3,WH_05,Delivered
ORD_000638,SUPP_004,PROD_022,2022-12-22,2022-12-25,3,158,198.65,WH_03,Delivered
ORD_000639,SUPP_009,PROD_040,2022-12-17,2023-01-10,24,785,118.54,WH_02,Cancelled
ORD_000640,SUPP_015,PROD_017,2022-09-01,2022-09-05,4,86,465.37,WH_02,Pending
ORD_000641,SUPP_009,PROD_024,2022-06-20,2022-07-02,12,59,198.11,WH_03,Shipped
ORD_000642,SUPP_010,PROD_031,2022-01-23,2022-02-10,18,517,158.39,WH_03,Delivered
ORD_000643,SUPP_003,PROD_023,2022-01-11,2022-02-06,26,460,417.22,WH_02,Delivered
ORD_000644,SUPP_020,PROD_019,2022-12-22,2022-12-31,9,503,10.9,WH_02,Shipped
ORD_000645,SUPP_012,PROD_015,2022-02-28,2022-03-28,28,657,33.36,WH_04,Cancelled
ORD_000646,SUPP_020,PROD_003,2022-06-16,2022-06-17,1,695,16.22,WH_03,Shipped
ORD_000647,SUPP_006,PROD_030,2022-02-22,2022-03-17,23,787,371.59,WH_05,Pending
ORD_000648,SUPP_009,PROD_007,2022-03-12,2022-03-14,2,11,136.24,WH_05,Delivered
ORD_000649,SUPP_003,PROD_022,2022-09-04,2022-09-23,19,347,140.09,WH_02,Pending
ORD_000650,SUPP_017,PROD_016,2022-08-15,2022-09-01,17,725,18.74,WH_04,Delivered
ORD_000651,SUPP_002,PROD_034,2022-04-14,2022-05-07,23,757,65.95,WH_02,Pending
ORD_000652,SUPP_018,PROD_021,2022-03-18,2022-04-13,26,733,128.08,WH_04,Cancelled
ORD_000653,SUPP_014,PROD_012,2022-08-17,2022-08-26,9,177,28.8,WH_03,Delivered
ORD_000654,SUPP_009,PROD_015,2022-07-20,2022-07-21,1,61,430.56,WH_01,Shipped
ORD_000655,SUPP_020,PROD_022,2022-10-16,2022-10-22,6,20,30.37,WH_05,Shipped
ORD_000656,SUPP_019,PROD_010,2022-02-10,2022-02-15,5,155,278.4,WH_04,Cancelled
ORD_000657,SUPP_001,PROD_024,2022-05-28,2022-06-09,12,798,286.12,WH_01,Shipped
ORD_000658,SUPP_019,PROD_001,2022-07-08,2022-08-02,25,789,190.0,WH_01,Delivered
ORD_000659,SUPP_012,PROD_005,2022-07-29,2022-08-05,7,370,474.1,WH_05,Delivered
ORD_000660,SUPP_005,PROD_014,2022-09-26,2022-10-02,6,615,76.12,WH_05,Pending
ORD_000661,SUPP_011,PROD_038,2022-10-26,2022-11-13,18,641,314.13,WH_05,Shipped
ORD_000662,SUPP_012,PROD_017,2022-08-28,2022-09-06,9,458,100.61,WH_04,Delivered
ORD_000663,SUPP_004,PROD_021,2022-03-18,2022-03-27,9,877,397.61,WH_03,Cancelled
ORD_000664,SUPP_003,PROD_024,2022-07-11,2022-07-20,9,891,334.61,WH_02,Cancelled
ORD_000665,SUPP_007,PROD_013,2022-03-22,2022-04-10,19,471,496.38,WH_04,Shipped
ORD_000666,SUPP_001,PROD_024,2022-03-11,2022-03-12,1,452,210.49,WH_05,Pending
ORD_000667,SUPP_002,PROD_025,2022-05-29,2022-06-18,20,707,107.67,WH_01,Shipped
ORD_000668,SUPP_013,PROD_040,2022-09-06,2022-10-03,27,967,251.91,WH_04,Cancelled
ORD_000669,SUPP_013,PROD_004,2022-06-08,2022-06-14,6,172,432.68,WH_03,Pending
ORD_000670,SUPP_017,PROD_040,2022-08-19,2022-08-25,6,590,435.25,WH_02,Shipped
ORD_000671,SUPP_009,PROD_002,2022-08-23,2022-09-18,26,790,163.67,WH_03,Shipped
ORD_000672,SUPP_010,PROD_037,2022-01-15,2022-01-31,16,713,77.33,WH_02,Delivered
ORD_000673,SUPP_001,PROD_019,2022-11-16,2022-11-30,14,983,369.1,WH_01,Shipped
ORD_000674,SUPP_020,PROD_025,2022-03-10,2022-04-07,28,260,364.03,WH_05,Shipped
ORD_000675,SUPP_005,PROD_025,2022-10-17,2022-11-13,27,678,435.85,WH_04,Delivered
ORD_000676,SUPP_016,PROD_040,2022-03-11,2022-03-12,1,763,303.64,WH_04,Delivered
ORD_000677,SUPP_010,PROD_010,2022-05-29,2022-06-14,16,267,204.62,WH_05,Shipped
ORD_000678,SUPP_015,PROD_013,2022-12-21,2022-12-27,6,509,383.61,WH_04,Pending
ORD_000679,SUPP_014,PROD_013,2022-09-27,2022-10-07,10,707,433.32,WH_01,Delivered
ORD_000680,SUPP_009,PROD_011,2022-03-19,2022-04-13,25,215,160.59,WH_02,Delivered
ORD_000681,SUPP_007,PROD_037,2022-10-31,2022-11-26,26,164,39.39,WH_02,Delivered
ORD_000682,SUPP_019,PROD_019,2022-05-26,2022-06-01,6,63,146.72,WH_03,Pending
ORD_000683,SUPP_014,PROD_017,2022-06-21,2022-07-14,23,611,284.93,WH_03,Pending
ORD_000684,SUPP_018,PROD_036,2022-01-29,2022-01-30,1,350,367.02,WH_05,Cancelled
ORD_000685,SUPP_011,PROD_043,2022-10-28,2022-11-23,26,235,68.47,WH_04,Pending
ORD_000686,SUPP_019,PROD_017,2022-10-07,2022-10-19,12,910,364.97,WH_02,Pending
ORD_000687,SUPP_001,PROD_009,2022-07-17,2022-08-13,27,374,407.25,WH_03,Delivered
ORD_000688,SUPP_017,PROD_038,2022-10-31,2022-11-13,13,553,472.28,WH_01,Pending
ORD_000689,SUPP_020,PROD_036,2022-04-09,2022-04-16,7,331,324.81,WH_04,Shipped
ORD_000690,SUPP_002,PROD_006,2022-01-17,2022-02-07,21,363,111.83,WH_04,Pending
ORD_000691,SUPP_014,PROD_014,2022-06-23,2022-06-26,3,106,467.66,WH_02,Delivered
ORD_000692,SUPP_008,PROD_043,2022-03-29,2022-04-05,7,935,425.64,WH_04,Shipped
ORD_000693,SUPP_007,PROD_001,2022-09-25,2022-10-04,9,429,360.22,WH_02,Pending
ORD_000694,SUPP_020,PROD_024,2022-11-21,2022-12-19,28,341,498.72,WH_05,Shipped
ORD_000695,SUPP_016,PROD_038,2022-04-19,2022-05-08,19,53,287.42,WH_01,Delivered
ORD_000696,SUPP_014,PROD_042,2022-02-21,2022-03-19,26,39,58.96,WH_03,Pending
ORD_000697,SUPP_020,PROD_019,2022-02-20,2022-02-28,8,896,396.06,WH_05,Pending
ORD_000698,SUPP_004,PROD_026,2022-09-03,2022-09-08,5,929,169.09,WH_02,Shipped
ORD_000699,SUPP_005,PROD_003,2023-01-01,2023-01-20,19,56,239.16,WH_05,Shipped
ORD_000700,SUPP_014,PROD_016,2022-04-22,2022-05-12,20,836,57.68,WH_02,Delivered
ORD_000701,SUPP_004,PROD_029,2022-08-19,2022-08-26,7,965,328.17,WH_03,Cancelled
ORD_000702,SUPP_007,PROD_029,2022-12-09,2022-12-15,6,618,114.86,WH_05,Cancelled
ORD_000703,SUPP_012,PROD_028,2022-05-15,2022-05-28,13,172,74.13,WH_05,Cancelled
ORD_000704,SUPP_004,PROD_016,2022-11-08,2022-12-07,29,354,344.29,WH_05,Delivered
ORD_000705,SUPP_001,PROD_020,2022-08-17,2022-09-14,28,993,490.16,WH_02,Cancelled
ORD_000706,SUPP_008,PROD_019,2022-10-24,2022-11-04,11,26,186.56,WH_01,Cancelled
ORD_000707,SUPP_001,PROD_037,2022-11-17,2022-12-05,18,810,20.75,WH_01,Pending
ORD_000708,SUPP_014,PROD_040,2022-06-03,2022-06-18,15,340,325.43,WH_05,Cancelled
ORD_000709,SUPP_004,PROD_027,2022-05-21,2022-06-16,26,755,31.39,WH_03,Pending
ORD_000710,SUPP_002,PROD_023,2022-12-01,2022-12-27,26,691,384.8,WH_01,Pending
ORD_000711,SUPP_017,PROD_041,2022-02-20,2022-03-19,27,587,379.64,WH_01,Shipped
ORD_000712,SUPP_019,PROD_038,2022-07-30,2022-08-26,27,287,59.35,WH_02,Pending
ORD_000713,SUPP_005,PROD_036,2022-05-03,2022-05-11,8,495,459.89,WH_03,Cancelled
ORD_000714,SUPP_007,PROD_004,2022-09-25,2022-10-12,17,500,426.96,WH_02,Shipped
ORD_000715,SUPP_013,PROD_045,2022-12-04,2022-12-19,15,68,130.66,WH_01,Shipped
ORD_000716,SUPP_014,PROD_044,2022-09-09,2022-09-23,14,263,308.19,WH_02,Pending
ORD_000717,SUPP_018,PROD_045,2022-12-07,2022-12-20,13,159,353.26,WH_05,Shipped
ORD_000718,SUPP_002,PROD_020,2022-07-17,2022-08-05,19,492,336.44,WH_05,Cancelled
ORD_000719,SUPP_011,PROD_050,2022-11-24,2022-12-22,28,546,123.35,WH_01,Delivered
ORD_000720,SUPP_018,PROD_033,2022-05-02,2022-05-13,11,947,414.46,WH_03,Shipped
ORD_000721,SUPP_017,PROD_028,2022-05-20,2022-05-30,10,807,196.49,WH_03,Shipped
ORD_000722,SUPP_004,PROD_020,2022-06-03,2022-06-10,7,105,128.83,WH_05,Shipped
ORD_000723,SUPP_011,PROD_014,2022-08-03,2022-08-29,26,476,434.85,WH_02,Delivered
ORD_000724,SUPP_017,PROD_024,2022-07-20,2022-08-17,28,68,296.79,WH_04,Cancelled
ORD_000725,SUPP_004,PROD_011,2022-11-24,2022-11-28,4,828,266.8,WH_03,Delivered
ORD_000726,SUPP_001,PROD_025,2022-07-21,2022-07-28,7,26,305.9,WH_01,Cancelled
ORD_000727,SUPP_014,PROD_022,2022-08-07,2022-09-02,26,739,196.11,WH_03,Cancelled
ORD_000728,SUPP_019,PROD_038,2022-01-08,2022-02-07,30,89,27.36,WH_05,Shipped
ORD_000729,SUPP_006,PROD_047,2022-06-20,2022-07-04,14,144,257.77,WH_04,Shipped
ORD_000730,SUPP_003,PROD_018,2022-03-17,2022-04-06,20,199,130.75,WH_01,Pending
ORD_000731,SUPP_015,PROD_018,2022-06-04,2022-06-28,24,539,19.96,WH_04,Shipped
ORD_000732,SUPP_002,PROD_011,2022-12-01,2022-12-29,28,10,265.6,WH_03,Pending
ORD_000733,SUPP_011,PROD_002,2022-12-14,2023-01-12,29,474,363.01,WH_02,Delivered
ORD_000734,SUPP_013,PROD_004,2022-08-10,2022-09-07,28,462,479.82,WH_02,Shipped
ORD_000735,SUPP_004,PROD_035,2022-09-22,2022-09-26,4,537,116.63,WH_05,Cancelled
ORD_000736,SUPP_011,PROD_018,2022-04-29,2022-05-23,24,612,39.09,WH_03,Pending
ORD_000737,SUPP_020,PROD_038,2022-04-05,2022-04-09,4,471,390.61,WH_04,Delivered
ORD_000738,SUPP_009,PROD_028,2022-03-30,2022-04-01,2,731,268.16,WH_02,Cancelled
ORD_000739,SUPP_007,PROD_020,2022-11-06,2022-11-24,18,593,35.09,WH_02,Pending
ORD_000740,SUPP_019,PROD_050,2022-12-09,2023-01-03,25,379,408.0,WH_04,Delivered
ORD_000741,SUPP_009,PROD_034,2022-06-19,2022-07-01,12,134,42.69,WH_04,Pending
ORD_000742,SUPP_004,PROD_010,2022-03-26,2022-04-06,11,425,116.29,WH_03,Delivered
ORD_000743,SUPP_012,PROD_017,2022-09-17,2022-10-15,28,758,15.33,WH_01,Cancelled
ORD_000744,SUPP_004,PROD_037,2022-12-30,2023-01-13,14,471,397.22,WH_01,Cancelled
ORD_000745,SUPP_005,PROD_025,2022-04-05,2022-04-19,14,889,285.07,WH_01,Delivered
ORD_000746,SUPP_014,PROD_018,2022-05-25,2022-05-30,5,86,487.18,WH_05,Cancelled
ORD_000747,SUPP_018,PROD_021,2022-11-01,2022-11-08,7,574,336.32,WH_01,Shipped
ORD_000748,SUPP_015,PROD_048,2022-11-19,2022-12-06,17,419,76.86,WH_05,Pending
ORD_000749,SUPP_007,PROD_019,2022-10-12,2022-10-19,7,272,37.03,WH_03,Delivered
ORD_000750,SUPP_013,PROD_009,2022-01-19,2022-01-26,7,640,157.23,WH_02,Cancelled
ORD_000751,SUPP_010,PROD_001,2022-01-22,2022-02-05,14,447,279.73,WH_01,Shipped
ORD_000752,SUPP_004,PROD_024,2022-08-03,2022-08-11,8,896,385.11,WH_04,Delivered
ORD_000753,SUPP_019,PROD_010,2022-02-16,2022-02-27,11,221,335.59,WH_04,Cancelled
ORD_000754,SUPP_009,PROD_022,2022-04-10,2022-04-27,17,733,380.62,WH_05,Pending
ORD_000755,SUPP_016,PROD_016,2022-04-16,2022-04-25,9,165,435.71,WH_04,Shipped
ORD_000756,SUPP_002,PROD_006,2022-04-29,2022-05-12,13,407,217.15,WH_01,Shipped
ORD_000757,SUPP_020,PROD_019,2022-12-30,2023-01-25,26,913,161.17,WH_01,Shipped
ORD_000758,SUPP_010,PROD_032,2022-07-15,2022-07-19,4,628,340.12,WH_03,Pending
ORD_000759,SUPP_015,PROD_024,2022-04-25,2022-05-15,20,596,31.71,WH_01,Delivered
ORD_000760,SUPP_015,PROD_013,2022-06-08,2022-06-18,10,759,58.57,WH_01,Pending
ORD_000761,SUPP_020,PROD_028,2022-04-13,2022-04-29,16,210,249.48,WH_05,Cancelled
ORD_000762,SUPP_017,PROD_031,2022-03-24,2022-03-29,5,5,267.18,WH_01,Cancelled
ORD_000763,SUPP_011,PROD_047,2022-04-02,2022-04-05,3,581,386.17,WH_05,Delivered
ORD_000764,SUPP_015,PROD_040,2022-04-09,2022-05-02,23,502,341.98,WH_04,Pending
ORD_000765,SUPP_006,PROD_017,2022-05-30,2022-06-17,18,302,423.73,WH_04,Pending
ORD_000766,SUPP_016,PROD_005,2022-08-30,2022-09-09,10,739,238.78,WH_05,Delivered
ORD_000767,SUPP_016,PROD_040,2022-02-05,2022-02-26,21,316,113.17,WH_04,Cancelled
ORD_000768,SUPP_012,PROD_029,2022-11-27,2022-12-02,5,797,347.84,WH_03,Pending
ORD_000769,SUPP_009,PROD_042,2022-10-17,2022-10-24,7,602,76.37,WH_05,Delivered
ORD_000770,SUPP_003,PROD_012,2022-01-03,2022-01-31,28,573,296.35,WH_05,Cancelled
ORD_000771,SUPP_018,PROD_031,2022-05-23,2022-05-29,6,6,414.57,WH_04,Delivered
ORD_000772,SUPP_010,PROD_028,2022-01-25,2022-02-17,23,934,26.05,WH_02,Cancelled
ORD_000773,SUPP_003,PROD_003,2022-07-12,2022-07-28,16,612,112.84,WH_03,Pending
ORD_000774,SUPP_006,PROD_031,2022-11-07,2022-11-09,2,69,19.29,WH_02,Cancelled
ORD_000775,SUPP_006,PROD_014,2022-05-03,2022-05-24,21,225,454.67,WH_01,Pending
ORD_000776,SUPP_015,PROD_032,2022-06-19,2022-06-24,5,662,45.22,WH_05,Pending
ORD_000777,SUPP_002,PROD_041,2022-04-27,2022-05-25,28,412,386.28,WH_03,Pending
ORD_000778,SUPP_016,PROD_017,2022-02-21,2022-03-11,18,154,49.22,WH_03,Shipped
ORD_000779,SUPP_018,PROD_044,2022-11-10,2022-12-09,29,822,314.15,WH_02,Delivered
ORD_000780,SUPP_017,PROD_016,2022-03-22,2022-03-28,6,363,43.01,WH_03,Cancelled
ORD_000781,SUPP_014,PROD_033,2022-05-11,2022-05-28,17,157,64.33,WH_04,Pending
ORD_000782,SUPP_006,PROD_004,2022-07-29,2022-08-16,18,32,287.08,WH_05,Delivered
ORD_000783,SUPP_008,PROD_049,2022-01-09,2022-01-11,2,960,26.24,WH_02,Delivered
ORD_000784,SUPP_004,PROD_041,2022-11-29,2022-12-22,23,94,149.52,WH_04,Pending
ORD_000785,SUPP_004,PROD_028,2022-04-30,2022-05-09,9,278,451.83,WH_05,Pending
ORD_000786,SUPP_005,PROD_035,2022-03-02,2022-03-14,12,371,461.19,WH_03,Delivered
ORD_000787,SUPP_002,PROD_005,2022-07-29,2022-08-08,10,965,496.66,WH_03,Delivered
ORD_000788,SUPP_001,PROD_009,2022-09-08,2022-09-19,11,226,110.19,WH_04,Delivered
ORD_000789,SUPP_018,PROD_043,2022-02-07,2022-02-13,6,181,322.29,WH_02,Pending
ORD_000790,SUPP_010,PROD_046,2022-09-14,2022-10-09,25,794,195.67,WH_03,Shipped
ORD_000791,SUPP_015,PROD_038,2022-10-17,2022-10-24,7,986,238.89,WH_01,Cancelled
ORD_000792,SUPP_007,PROD_023,2022-11-08,2022-11-19,11,350,362.12,WH_05,Pending
ORD_000793,SUPP_014,PROD_049,2022-11-28,2022-12-22,24,110,164.65,WH_04,Delivered
ORD_000794,SUPP_008,PROD_009,2022-07-11,2022-08-10,30,385,477.27,WH_05,Delivered
ORD_000795,SUPP_007,PROD_014,2022-02-05,2022-03-03,26,386,420.89,WH_02,Shipped
ORD_000796,SUPP_002,PROD_022,2022-07-13,2022-08-03,21,65,453.94,WH_01,Pending
ORD_000797,SUPP_012,PROD_010,2022-03-26,2022-04-07,12,473,213.47,WH_03,Delivered
ORD_000798,SUPP_011,PROD_028,2022-03-29,2022-04-13,15,694,77.59,WH_04,Shipped
ORD_000799,SUPP_014,PROD_035,2022-11-19,2022-12-01,12,325,69.75,WH_02,Delivered
ORD_000800,SUPP_011,PROD_043,2022-04-15,2022-04-19,4,730,459.5,WH_03,Pending
ORD_000801,SUPP_004,PROD_045,2022-08-13,2022-09-10,28,651,487.85,WH_05,Shipped
ORD_000802,SUPP_001,PROD_030,2022-09-01,2022-09-04,3,244,47.26,WH_02,Shipped
ORD_000803,SUPP_012,PROD_024,2022-01-04,2022-01-14,10,712,147.1,WH_01,Delivered
ORD_000804,SUPP_020,PROD_004,2022-06-26,2022-07-02,6,421,48.36,WH_04,Shipped
ORD_000805,SUPP_015,PROD_031,2022-10-02,2022-10-24,22,661,163.94,WH_03,Pending
ORD_000806,SUPP_003,PROD_030,2022-09-06,2022-09-29,23,8,475.99,WH_05,Pending
ORD_000807,SUPP_004,PROD_025,2022-02-20,2022-03-06,14,131,426.49,WH_05,Delivered
ORD_000808,SUPP_019,PROD_025,2022-01-03,2022-01-31,28,882,270.33,WH_05,Shipped
ORD_000809,SUPP_006,PROD_039,2022-04-01,2022-04-16,15,183,231.78,WH_01,Pending
ORD_000810,SUPP_017,PROD_031,2022-09-06,2022-09-19,13,275,420.87,WH_04,Delivered
ORD_000811,SUPP_020,PROD_040,2022-10-06,2022-10-27,21,649,58.69,WH_02,Pending
ORD_000812,SUPP_015,PROD_032,2022-09-03,2022-09-12,9,435,120.43,WH_01,Pending
ORD_000813,SUPP_011,PROD_025,2022-09-06,2022-09-14,8,621,297.94,WH_05,Shipped
ORD_000814,SUPP_019,PROD_050,2022-06-21,2022-07-20,29,199,349.04,WH_03,Shipped
ORD_000815,SUPP_014,PROD_040,2022-02-24,2022-03-19,23,263,197.94,WH_01,Delivered
ORD_000816,SUPP_013,PROD_010,2022-12-13,2023-01-10,28,422,406.07,WH_04,Pending
ORD_000817,SUPP_009,PROD_028,2022-07-02,2022-07-28,26,874,189.86,WH_04,Delivered
ORD_000818,SUPP_014,PROD_043,2022-05-14,2022-05-15,1,214,463.61,WH_03,Shipped
ORD_000819,SUPP_003,PROD_021,2022-01-07,2022-01-20,13,882,461.89,WH_02,Cancelled
ORD_000820,SUPP_008,PROD_042,2022-11-19,2022-12-18,29,750,351.07,WH_04,Delivered
ORD_000821,SUPP_004,PROD_002,2022-04-17,2022-05-08,21,306,46.56,WH_03,Pending
ORD_000822,SUPP_007,PROD_011,2022-05-01,2022-05-20,19,713,389.26,WH_04,Delivered
ORD_000823,SUPP_010,PROD_011,2022-05-04,2022-05-25,21,534,252.11,WH_02,Cancelled
ORD_000824,SUPP_020,PROD_005,2022-01-02,2022-01-12,10,864,227.21,WH_03,Shipped
ORD_000825,SUPP_017,PROD_035,2022-03-13,2022-04-03,21,869,419.61,WH_03,Delivered
ORD_000826,SUPP_005,PROD_012,2022-06-15,2022-06-28,13,991,357.02,WH_03,Cancelled
ORD_000827,SUPP_016,PROD_027,2022-04-01,2022-04-21,20,465,112.56,WH_04,Cancelled
ORD_000828,SUPP_016,PROD_004,2022-06-25,2022-07-24,29,811,430.13,WH_03,Pending
ORD_000829,SUPP_011,PROD_032,2022-07-06,2022-07-27,21,648,225.0,WH_01,Pending
ORD_000830,SUPP_018,PROD_019,2022-11-29,2022-12-28,29,303,315.57,WH_03,Cancelled
ORD_000831,SUPP_004,PROD_023,2022-12-14,2022-12-29,15,997,326.61,WH_05,Pending
ORD_000832,SUPP_013,PROD_035,2022-06-29,2022-07-20,21,7,183.63,WH_01,Cancelled
ORD_000833,SUPP_017,PROD_040,2022-08-06,2022-08-14,8,701,361.69,WH_03,Shipped
ORD_000834,SUPP_020,PROD_035,2022-04-22,2022-05-14,22,118,257.68,WH_01,Pending
ORD_000835,SUPP_009,PROD_021,2022-06-23,2022-06-25,2,463,345.87,WH_02,Pending
ORD_000836,SUPP_020,PROD_042,2022-11-07,2022-11-27,20,417,132.65,WH_03,Shipped
ORD_000837,SUPP_010,PROD_011,2022-05-07,2022-06-06,30,206,471.36,WH_02,Shipped
ORD_000838,SUPP_009,PROD_023,2022-04-07,2022-05-07,30,586,361.23,WH_02,Pending
ORD_000839,SUPP_013,PROD_013,2022-04-16,2022-05-13,27,629,305.75,WH_04,Shipped
ORD_000840,SUPP_016,PROD_045,2022-06-04,2022-06-24,20,82,454.51,WH_01,Delivered
ORD_000841,SUPP_007,PROD_002,2022-01-28,2022-02-09,12,90,474.28,WH_03,Delivered
ORD_000842,SUPP_016,PROD_025,2022-05-22,2022-05-30,8,693,284.11,WH_05,Pending
ORD_000843,SUPP_011,PROD_026,2022-07-09,2022-07-13,4,548,489.9,WH_02,Cancelled
ORD_000844,SUPP_020,PROD_038,2022-07-16,2022-08-02,17,359,401.04,WH_05,Shipped
ORD_000845,SUPP_005,PROD_005,2022-03-20,2022-03-23,3,264,31.92,WH_02,Delivered
ORD_000846,SUPP_013,PROD_036,2022-06-28,2022-07-26,28,759,61.76,WH_05,Cancelled
ORD_000847,SUPP_001,PROD_050,2022-04-14,2022-05-02,18,824,211.23,WH_04,Cancelled
ORD_000848,SUPP_019,PROD_036,2022-10-14,2022-10-22,8,108,488.84,WH_03,Cancelled
ORD_000849,SUPP_018,PROD_020,2022-11-29,2022-12-06,7,506,236.33,WH_05,Delivered
ORD_000850,SUPP_017,PROD_035,2022-08-29,2022-09-24,26,373,57.99,WH_01,Delivered
ORD_000851,SUPP_012,PROD_030,2022-03-19,2022-04-06,18,281,35.07,WH_04,Shipped
ORD_000852,SUPP_016,PROD_042,2022-06-04,2022-06-25,21,523,84.6,WH_05,Pending
ORD_000853,SUPP_008,PROD_033,2022-12-18,2023-01-10,23,166,235.5,WH_01,Delivered
ORD_000854,SUPP_011,PROD_028,2022-06-29,2022-07-07,8,946,65.15,WH_04,Cancelled
ORD_000855,SUPP_020,PROD_038,2022-09-20,2022-10-19,29,92,484.1,WH_05,Cancelled
ORD_000856,SUPP_010,PROD_002,2022-06-24,2022-07-12,18,491,68.05,WH_05,Delivered
ORD_000857,SUPP_004,PROD_040,2022-07-10,2022-07-12,2,931,390.42,WH_02,Delivered
ORD_000858,SUPP_006,PROD_022,2022-09-02,2022-09-10,8,389,416.12,WH_05,Pending
ORD_000859,SUPP_012,PROD_022,2022-10-18,2022-11-16,29,458,110.07,WH_04,Delivered
ORD_000860,SUPP_014,PROD_028,2022-09-02,2022-09-09,7,164,245.31,WH_02,Pending
ORD_000861,SUPP_016,PROD_001,2022-03-23,2022-03-27,4,168,264.48,WH_01,Pending
ORD_000862,SUPP_014,PROD_013,2022-09-28,2022-10-27,29,22,89.0,WH_02,Pending
ORD_000863,SUPP_014,PROD_022,2022-09-20,2022-10-15,25,231,341.03,WH_01,Pending
ORD_000864,SUPP_004,PROD_013,2022-09-26,2022-09-30,4,107,485.15,WH_01,Pending
ORD_000865,SUPP_001,PROD_012,2022-05-11,2022-06-10,30,469,294.5,WH_02,Delivered
ORD_000866,SUPP_010,PROD_037,2022-10-17,2022-11-06,20,229,167.83,WH_02,Cancelled
ORD_000867,SUPP_006,PROD_022,2022-12-08,2022-12-15,7,245,72.13,WH_05,Cancelled
ORD_000868,SUPP_016,PROD_025,2022-01-31,2022-02-19,19,187,308.48,WH_01,Delivered
ORD_000869,SUPP_004,PROD_004,2022-08-08,2022-08-10,2,154,113.55,WH_03,Pending
ORD_000870,SUPP_007,PROD_002,2022-10-23,2022-11-07,15,388,224.2,WH_04,Shipped
ORD_000871,SUPP_009,PROD_045,2022-12-11,2022-12-14,3,732,183.18,WH_04,Delivered
ORD_000872,SUPP_020,PROD_002,2022-12-03,2022-12-05,2,869,66.4,WH_05,Cancelled
ORD_000873,SUPP_015,PROD_013,2022-12-21,2023-01-18,28,459,256.82,WH_03,Shipped
ORD_000874,SUPP_002,PROD_015,2022-06-11,2022-07-07,26,739,258.14,WH_01,Cancelled
ORD_000875,SUPP_012,PROD_045,2022-04-17,2022-04-25,8,959,494.29,WH_03,Pending
ORD_000876,SUPP_020,PROD_046,2022-02-23,2022-02-25,2,91,117.34,WH_03,Pending
ORD_000877,SUPP_018,PROD_026,2022-05-20,2022-06-10,21,205,403.95,WH_04,Cancelled
ORD_000878,SUPP_015,PROD_015,2022-10-29,2022-11-01,3,790,255.84,WH_02,Pending
ORD_000879,SUPP_011,PROD_038,2022-04-05,2022-04-08,3,722,137.14,WH_04,Delivered
ORD_000880,SUPP_007,PROD_009,2022-02-25,2022-03-19,22,250,462.15,WH_02,Delivered
ORD_000881,SUPP_009,PROD_004,2022-02-24,2022-03-23,27,152,276.62,WH_04,Delivered
ORD_000882,SUPP_005,PROD_006,2022-02-27,2022-03-24,25,206,410.79,WH_05,Shipped
ORD_000883,SUPP_008,PROD_009,2022-08-20,2022-08-27,7,509,437.79,WH_05,Cancelled
ORD_000884,SUPP_004,PROD_024,2022-08-06,2022-08-24,18,182,10.67,WH_05,Shipped
ORD_000885,SUPP_019,PROD_046,2022-03-09,2022-04-01,23,400,462.48,WH_05,Shipped
ORD_000886,SUPP_007,PROD_023,2022-04-26,2022-05-16,20,512,408.41,WH_01,Cancelled
ORD_000887,SUPP_020,PROD_044,2022-08-26,2022-08-28,2,554,167.39,WH_03,Shipped
ORD_000888,SUPP_001,PROD_021,2022-09-09,2022-10-04,25,75,282.86,WH_05,Cancelled
ORD_000889,SUPP_010,PROD_037,2022-10-03,2022-10-09,6,231,335.54,WH_04,Pending
ORD_000890,SUPP_007,PROD_029,2022-05-29,2022-06-17,19,312,471.29,WH_01,Delivered
ORD_000891,SUPP_009,PROD_043,2022-02-16,2022-02-17,1,609,22.25,WH_04,Pending
ORD_000892,SUPP_005,PROD_006,2022-01-29,2022-02-07,9,319,367.55,WH_01,Pending
ORD_000893,SUPP_008,PROD_038,2022-11-09,2022-11-11,2,806,421.67,WH_03,Delivered
ORD_000894,SUPP_020,PROD_039,2022-08-26,2022-08-27,1,545,416.02,WH_05,Cancelled
ORD_000895,SUPP_013,PROD_019,2022-11-10,2022-11-11,1,245,184.41,WH_03,Shipped
ORD_000896,SUPP_014,PROD_013,2022-07-22,2022-07-24,2,826,24.31,WH_05,Shipped
ORD_000897,SUPP_010,PROD_010,2022-11-02,2022-11-03,1,740,206.96,WH_03,Shipped
ORD_000898,SUPP_001,PROD_003,2022-11-10,2022-11-16,6,768,231.78,WH_05,Shipped
ORD_000899,SUPP_008,PROD_040,2022-06-18,2022-06-28,10,671,201.75,WH_01,Cancelled
ORD_000900,SUPP_008,PROD_018,2022-05-16,2022-05-18,2,866,189.26,WH_03,Delivered
ORD_000901,SUPP_008,PROD_045,2022-06-07,2022-06-18,11,538,408.37,WH_03,Delivered
ORD_000902,SUPP_013,PROD_032,2022-02-27,2022-03-22,23,79,214.33,WH_02,Shipped
ORD_000903,SUPP_009,PROD_024,2022-11-30,2022-12-17,17,454,326.59,WH_05,Cancelled
ORD_000904,SUPP_007,PROD_050,2022-10-05,2022-10-20,15,870,177.61,WH_02,Cancelled
ORD_000905,SUPP_010,PROD_038,2022-02-23,2022-03-22,27,938,20.87,WH_01,Shipped
ORD_000906,SUPP_018,PROD_028,2022-11-29,2022-12-10,11,515,56.54,WH_04,Delivered
ORD_000907,SUPP_016,PROD_030,2022-01-31,2022-02-10,10,556,331.25,WH_04,Delivered
ORD_000908,SUPP_020,PROD_031,2022-03-07,2022-03-29,22,553,120.99,WH_01,Cancelled
ORD_000909,SUPP_019,PROD_016,2022-05-08,2022-05-27,19,233,342.23,WH_03,Pending
ORD_000910,SUPP_013,PROD_022,2022-08-02,2022-08-14,12,146,299.84,WH_04,Shipped
ORD_000911,SUPP_014,PROD_011,2022-04-29,2022-05-01,2,383,236.02,WH_04,Pending
ORD_000912,SUPP_011,PROD_017,2022-11-02,2022-11-07,5,750,356.11,WH_01,Shipped
ORD_000913,SUPP_017,PROD_019,2022-05-14,2022-05-22,8,84,234.79,WH_05,Cancelled
ORD_000914,SUPP_011,PROD_012,2022-06-06,2022-06-23,17,107,11.66,WH_02,Delivered
ORD_000915,SUPP_018,PROD_012,2022-07-10,2022-08-05,26,341,123.32,WH_02,Pending
ORD_000916,SUPP_013,PROD_017,2022-05-29,2022-06-11,13,276,51.28,WH_01,Pending
ORD_000917,SUPP_019,PROD_009,2022-04-27,2022-05-26,29,574,10.39,WH_02,Delivered
ORD_000918,SUPP_006,PROD_011,2022-10-27,2022-11-12,16,963,28.39,WH_04,Delivered
ORD_000919,SUPP_018,PROD_016,2022-12-14,2023-01-06,23,960,443.92,WH_03,Pending
ORD_000920,SUPP_007,PROD_015,2022-03-20,2022-03-25,5,287,262.78,WH_03,Cancelled
ORD_000921,SUPP_010,PROD_013,2022-06-25,2022-07-02,7,139,236.3,WH_02,Shipped
ORD_000922,SUPP_014,PROD_025,2022-05-22,2022-05-29,7,357,327.86,WH_04,Shipped
ORD_000923,SUPP_014,PROD_025,2022-08-18,2022-09-01,14,746,113.38,WH_05,Pending
ORD_000924,SUPP_009,PROD_037,2022-09-25,2022-10-19,24,52,332.46,WH_05,Pending
ORD_000925,SUPP_014,PROD_040,2022-11-02,2022-12-02,30,179,23.61,WH_05,Delivered
ORD_000926,SUPP_006,PROD_005,2022-01-17,2022-01-26,9,341,483.49,WH_03,Cancelled
ORD_000927,SUPP_004,PROD_025,2022-07-28,2022-08-21,24,339,378.07,WH_02,Shipped
ORD_000928,SUPP_020,PROD_029,2022-07-16,2022-07-27,11,844,231.43,WH_02,Pending
ORD_000929,SUPP_010,PROD_029,2022-11-14,2022-12-12,28,119,76.91,WH_03,Shipped
ORD_000930,SUPP_017,PROD_022,2022-12-14,2022-12-28,14,954,290.57,WH_01,Delivered
ORD_000931,SUPP_016,PROD_001,2022-02-27,2022-03-04,5,140,335.64,WH_03,Shipped
ORD_000932,SUPP_008,PROD_011,2022-06-28,2022-07-09,11,700,255.63,WH_02,Pending
ORD_000933,SUPP_017,PROD_043,2022-04-10,2022-04-28,18,501,419.8,WH_02,Cancelled
ORD_000934,SUPP_016,PROD_032,2022-04-15,2022-05-12,27,459,277.7,WH_03,Shipped
ORD_000935,SUPP_004,PROD_034,2022-08-25,2022-09-20,26,425,314.35,WH_03,Delivered
ORD_000936,SUPP_003,PROD_007,2022-03-19,2022-04-09,21,855,120.99,WH_05,Shipped
ORD_000937,SUPP_002,PROD_030,2022-04-06,2022-04-23,17,765,245.55,WH_01,Shipped
ORD_000938,SUPP_006,PROD_013,2022-11-04,2022-11-06,2,349,181.27,WH_04,Delivered
ORD_000939,SUPP_011,PROD_037,2022-06-21,2022-07-02,11,88,158.25,WH_04,Pending
ORD_000940,SUPP_016,PROD_040,2022-11-24,2022-12-05,11,604,181.76,WH_04,Pending
ORD_000941,SUPP_004,PROD_044,2022-01-09,2022-01-14,5,546,287.02,WH_02,Pending
ORD_000942,SUPP_003,PROD_036,2022-02-22,2022-03-16,22,315,218.77,WH_03,Delivered
ORD_000943,SUPP_016,PROD_004,2022-05-01,2022-05-10,9,717,497.77,WH_03,Cancelled
ORD_000944,SUPP_011,PROD_004,2022-02-12,2022-02-15,3,41,163.47,WH_05,Shipped
ORD_000945,SUPP_002,PROD_020,2022-10-30,2022-11-24,25,271,442.81,WH_05,Shipped
ORD_000946,SUPP_017,PROD_021,2022-10-11,2022-10-18,7,844,111.43,WH_05,Cancelled
ORD_000947,SUPP_013,PROD_046,2022-03-21,2022-03-24,3,271,375.15,WH_04,Delivered
ORD_000948,SUPP_011,PROD_019,2022-11-22,2022-12-21,29,445,172.2,WH_02,Pending
ORD_000949,SUPP_014,PROD_010,2022-06-11,2022-06-14,3,979,74.65,WH_05,Shipped
ORD_000950,SUPP_016,PROD_020,2022-10-27,2022-10-29,2,456,481.61,WH_04,Shipped
ORD_000951,SUPP_017,PROD_025,2022-02-13,2022-03-05,20,870,307.59,WH_04,Cancelled
ORD_000952,SUPP_018,PROD_021,2022-10-12,2022-10-20,8,46,414.65,WH_01,Delivered
ORD_000953,SUPP_020,PROD_026,2022-12-21,2022-12-26,5,225,497.5,WH_05,Cancelled
ORD_000954,SUPP_020,PROD_033,2022-03-31,2022-04-05,5,683,34.66,WH_02,Pending
ORD_000955,SUPP_019,PROD_001,2022-05-03,2022-05-22,19,118,480.6,WH_01,Shipped
ORD_000956,SUPP_008,PROD_010,2022-04-22,2022-05-03,11,417,268.58,WH_04,Pending
ORD_000957,SUPP_012,PROD_038,2022-02-15,2022-02-26,11,660,399.2,WH_01,Delivered
ORD_000958,SUPP_002,PROD_005,2022-01-25,2022-02-04,10,305,358.32,WH_02,Pending
ORD_000959,SUPP_012,PROD_023,2022-05-26,2022-06-01,6,465,331.75,WH_02,Shipped
ORD_000960,SUPP_003,PROD_008,2022-08-01,2022-08-07,6,510,299.04,WH_05,Cancelled
ORD_000961,SUPP_018,PROD_045,2022-09-26,2022-10-26,30,183,383.83,WH_01,Pending
ORD_000962,SUPP_016,PROD_010,2022-04-16,2022-05-15,29,337,289.65,WH_01,Delivered
ORD_000963,SUPP_005,PROD_017,2022-06-19,2022-07-03,14,122,371.48,WH_04,Pending
ORD_000964,SUPP_010,PROD_036,2022-12-19,2022-12-29,10,426,307.94,WH_04,Delivered
ORD_000965,SUPP_002,PROD_002,2022-09-10,2022-10-04,24,131,69.92,WH_01,Shipped
ORD_000966,SUPP_009,PROD_015,2022-03-03,2022-03-24,21,532,119.36,WH_02,Delivered
ORD_000967,SUPP_014,PROD_019,2022-08-25,2022-09-23,29,739,244.34,WH_05,Cancelled
ORD_000968,SUPP_007,PROD_014,2022-12-14,2023-01-10,27,5,355.8,WH_03,Shipped
ORD_000969,SUPP_010,PROD_014,2022-01-18,2022-02-05,18,446,444.92,WH_05,Delivered
ORD_000970,SUPP_007,PROD_009,2022-05-31,2022-06-03,3,133,38.98,WH_01,Shipped
ORD_000971,SUPP_003,PROD_034,2022-02-26,2022-03-02,4,741,32.98,WH_02,Cancelled
ORD_000972,SUPP_020,PROD_020,2022-01-16,2022-01-31,15,105,103.42,WH_05,Pending
ORD_000973,SUPP_008,PROD_011,2022-01-05,2022-01-24,19,449,139.48,WH_03,Shipped
ORD_000974,SUPP_017,PROD_039,2022-07-21,2022-08-19,29,323,61.57,WH_01,Shipped
ORD_000975,SUPP_016,PROD_010,2022-01-06,2022-01-26,20,35,155.53,WH_01,Delivered
ORD_000976,SUPP_009,PROD_029,2022-09-06,2022-10-05,29,826,462.57,WH_03,Cancelled
ORD_000977,SUPP_015,PROD_020,2022-08-16,2022-08-24,8,610,276.2,WH_01,Cancelled
ORD_000978,SUPP_013,PROD_013,2022-03-04,2022-03-28,24,373,408.71,WH_05,Shipped
ORD_000979,SUPP_001,PROD_033,2022-12-14,2022-12-17,3,22,361.45,WH_03,Shipped
ORD_000980,SUPP_007,PROD_022,2022-08-12,2022-08-16,4,47,434.81,WH_04,Cancelled
ORD_000981,SUPP_010,PROD_018,2022-07-19,2022-08-08,20,987,146.41,WH_05,Shipped
ORD_000982,SUPP_005,PROD_002,2022-02-05,2022-02-11,6,44,165.58,WH_05,Delivered
ORD_000983,SUPP_017,PROD_030,2022-08-12,2022-09-07,26,208,206.54,WH_03,Cancelled
ORD_000984,SUPP_015,PROD_037,2022-11-04,2022-11-17,13,584,134.14,WH_05,Pending
ORD_000985,SUPP_006,PROD_019,2022-03-29,2022-04-19,21,674,280.8,WH_05,Cancelled
ORD_000986,SUPP_009,PROD_009,2022-12-02,2022-12-21,19,83,446.45,WH_04,Delivered
ORD_000987,SUPP_014,PROD_040,2022-01-02,2022-01-18,16,210,266.49,WH_03,Shipped
ORD_000988,SUPP_001,PROD_049,2022-11-07,2022-11-29,22,528,160.67,WH_04,Delivered
ORD_000989,SUPP_013,PROD_024,2022-11-08,2022-12-02,24,854,197.46,WH_02,Delivered
ORD_000990,SUPP_001,PROD_004,2022-02-22,2022-03-14,20,516,353.24,WH_04,Pending
ORD_000991,SUPP_014,PROD_022,2022-11-18,2022-11-26,8,349,173.71,WH_03,Delivered
ORD_000992,SUPP_005,PROD_021,2022-06-23,2022-06-26,3,261,177.84,WH_03,Delivered
ORD_000993,SUPP_005,PROD_027,2022-10-27,2022-11-09,13,227,308.4,WH_02,Delivered
ORD_000994,SUPP_015,PROD_041,2022-03-08,2022-04-03,26,292,466.1,WH_03,Pending
ORD_000995,SUPP_001,PROD_016,2022-07-05,2022-07-16,11,962,332.82,WH_01,Cancelled
ORD_000996,SUPP_002,PROD_018,2022-03-20,2022-04-05,16,222,121.67,WH_01,Pending
ORD_000997,SUPP_009,PROD_032,2022-08-28,2022-09-07,10,431,399.38,WH_03,Shipped
ORD_000998,SUPP_003,PROD_050,2022-03-02,2022-03-07,5,414,143.36,WH_05,Delivered
ORD_000999,SUPP_017,PROD_011,2022-12-27,2023-01-26,30,485,213.24,WH_02,Delivered
ORD_001000,SUPP_009,PROD_018,2022-06-18,2022-06-24,6,266,116.44,WH_03,Cancelled
